Well ID,Avg Pump Difference,Area,Lateral Length,Fluid System,TVD,Development Strategy,DELAYED,BOUND_CODE,PARENT_CODEV_1050_WELL_COUNT,PARENT_IN_ZONE_MIN_HYPOT,PARENT_1050_WELL_COUNT,PARENT_3000_AVG_HYPOT_DIST,PARENT_3000_WELL_COUNT,CODEV_IN_ZONE_MIN_HYPOT,CODEV_1050_WELL_COUNT,CODEV_3000_AVG_HYPOT_DIST,CODEV_3000_AVG_TVD_DIST,CODEV_3000_AVG_WELL_AGE,CODEV_3000_MEDIAN_WELL_AGE,CODEV_3000_WELL_COUNT,Pressure Gradient (psi/ft) new,Soak Time,Avg Open Pressure,SD Open Pressure,Avg Close Pressure,SD Close Pressure
1,-0.93,Acadia,10300,Campbell,10415,Coke,1,11100000,2,1195.286743,2,2071,12,1455,0,1490,4,0,0,1,0.593758088,34,3304.124833,261.7,2719.898438,472.4
2,-8.45,Acadia,10300,Campbell,10415,Coke,1,11100000,2,1195.286743,2,2071,12,1455,0,1490,4,0,0,1,0.597058903,67,3301.199254,255.9,2934.885325,747.4
3,8.7,Arches,11000,Campbell,8470,Orange Crush,0,101111,6,2882.384033,0,2492,6,1783,6,1165,682,4.5,0,11,0.516873265,34,2774.40708,184.8,1589.948673,596.9
4,,Arches,11000,Campbell,10555,Coke,1,11110000,1,1059.568848,0,2378,20,1000,1,1000,4,0,0,1,0.501287232,30,2653.539415,206.7,1304.162878,551.5
6,-4.34,Big Bend,12300,Campbell,10355,Coke,1,11110000,0,2763,0,2464,13,1760,0,2077,1410,21.5,28.5,4,0.565199923,21,2963.567911,232,2063.408619,517.8
7,0.54,Big Bend,12600,Campbell,8120,Orange Crush,1,10101111,4,586.3224487,2,1570,12,600,2,694,177,-0.7,-1,3,0.561294383,34,2814.617107,296.9,2330.939138,471.2
8,66.52,Arches,11000,Campbell,10560,Coke,1,11111000,2,1016,1,2124,32,859,1,1359,29,-0.5,-0.5,2,0.493533848,135,2697.57656,222.9,1975.744979,707.7
9,3.39,Big Bend,12900,Campbell,10345,Coke,1,11111000,1,1010,1,2341,17,1584,0,1606,36,0,0,1,0.56011052,227,2892.427934,248.5,2235.44895,698.1
10,13.78,Canyonlands,10000,Campbell,8335,Mountain Dew,0,10001001,2,2746,0,2678,4,562,2,1556,21,7.1,16,7,0.540762005,21,2763.612613,159.2,1671.514259,287.2
11,56.25,Canyonlands,10000,Campbell,8335,Mountain Dew,0,10001001,2,2746,0,2678,4,562,2,1556,21,7.1,16,7,0.523597524,26,2525.493936,165.6,1097.263009,323.3
12,65.88,Canyonlands,10000,Campbell,8335,Mountain Dew,0,10001001,2,2746,0,2678,4,562,2,1556,21,7.1,16,7,0.519705507,106,2434.963424,319.7,1341.334898,392.3
13,75.57,Canyonlands,10100,Campbell,9090,Orange Crush,0,11110101,5,2727,0,2542,4,914,5,1062,575,-2.1,-0.5,10,0.519913983,47,2446.081885,117.9,2222.396037,650.1
14,43.66,Canyonlands,10100,Campbell,9090,Orange Crush,0,11110101,5,2727,0,2542,4,914,5,1062,575,-2.1,-0.5,10,0.532913717,120,2701.389381,267.6,1665.823009,561.6
15,66.63,Canyonlands,10100,Campbell,9090,Orange Crush,0,11110101,5,2727,0,2542,4,914,5,1062,575,-2.1,-0.5,10,0.523556027,92,2520.10571,145.4,2054.614706,700.4
16,80.58,Carlsbad Caverns,10100,Young,8335,Mountain Dew,0,10001001,2,2746,0,2678,4,562,2,1556,21,7.1,16,7,0.477080938,30,2150.105179,218.2,995.6670335,566.6
17,92.39,Carlsbad Caverns,10100,Young,8335,Mountain Dew,0,10001001,2,2746,0,2678,4,562,2,1556,21,7.1,16,7,0.472648666,25,2046.380523,232,1160.647734,715.4
18,42.91,Canyonlands,10100,Campbell,8335,Mountain Dew,0,10001001,2,2746,0,2678,4,562,2,1556,21,7.1,16,7,0.526571643,34,2405.210273,946.2,890.668334,311.3
19,5.23,Canyonlands,9400,Campbell,8335,Mountain Dew,0,10001001,2,2746,0,2678,4,562,2,1556,21,7.1,16,7,0.54173063,35,2565.229027,242.7,1148.561993,253
20,39.6,Canyonlands,10100,Campbell,8335,Mountain Dew,0,10001001,2,2746,0,2678,4,562,2,1556,21,7.1,16,7,0.527903284,97,2318.39506,166,1121.475183,369.5
22,-1.48,Crater Lake,12700,Campbell,8005,Mountain Dew,1,11011000,4,899,3,1482,7,797,1,1734,180,30.8,50,5,0.548908027,27,2634.323963,161.4,1919.710804,225.3
23,1.96,Crater Lake,12800,Campbell,8020,Coke,1,11111000,1,1268,0,2586,16,910,1,914,12,0,0,1,0.548135939,24,2646.22424,144.6,2127.969411,226.2
24,24.21,Crater Lake,12800,Campbell,8035,Mountain Dew,1,10011000,4,712,3,1553,9,704,1,1719,156,16.3,0,3,0.538487713,97,2704.208252,223.5903015,2075.985764,185.1
25,-0.16,Denali,10300,Campbell,10250,Coke,1,111000,0,1456.176147,0,2382,10,1440,0,1440,3,0,0,1,0.559608477,151,2889.833674,265.1,1210.401539,887.1
26,6.03,Dry Tortugas,12800,Williams,9295,Mountain Dew,1,10001101,4,1832,2,1829,9,542,2,586,277,1,1,2,0.52199256,203,3579.913367,193.1,2522.649904,523.9
27,-5.8,Denali,10600,Campbell,10265,Coke,1,11100000,0,1042.490112,0,1834,8,1440,0,1440,6,0,0,1,0.561943033,44,3136.370858,199.4,2252.870766,799
28,6.66,Denali,10300,Campbell,10250,Coke,1,111000,0,1456.176147,0,2382,10,1440,0,1440,3,0,0,1,0.556785485,209,3087.582724,313.1,1618.171604,577.4
29,117.26,Everglades,10900,Young,8160,Coke,1,10001000,2,616,1,1870,7,569,1,1601,44,5,5,4,0.453435,32,2203.2,155.9,1934.1,678.5
30,43.38,Everglades,10500,Williams,8160,Coke,1,10001000,2,616,1,1870,7,569,1,1601,44,5,5,4,0.480570763,115,2508.920546,155.3,2411.60484,736
31,,Everglades,10900,Williams,8160,Coke,1,10001000,2,616,1,1870,7,569,1,1601,44,5,5,4,0.489194852,105,2641.403093,182.2,2330.649788,712.4
32,-1.7,Glacier,10000,Campbell,8335,Mountain Dew,0,10001001,2,2746,0,2678,4,562,2,1556,21,7.1,16,7,0.563370555,31,3194.020031,175.6,2330.800646,386.8
33,-2.26,Glacier,9800,Campbell,8335,Mountain Dew,0,10001001,2,2746,0,2678,4,562,2,1556,21,7.1,16,7,0.563603648,37,3329.887249,209.8,2980.856098,595.5
34,-2.68,Glacier,9700,Campbell,8335,Mountain Dew,0,10001001,2,2746,0,2678,4,562,2,1556,21,7.1,16,7,0.563778467,96,3327.534621,164,3149.661193,555
35,-1.31,Everglades,9600,Williams,8160,Coke,1,10001000,2,616,1,1870,7,569,1,1601,44,5,5,4,0.496985182,39,2829.617284,234.5,2608.790227,535
36,22.29,Grand Canyon,11900,Williams,8160,Coke,1,10001000,2,616,1,1870,7,569,1,1601,44,5,5,4,0.560853528,47,2895.781701,154.3,2045.250442,364.2
37,2.02,Everglades,10100,Williams,8160,Coke,1,10001000,2,616,1,1870,7,569,1,1601,44,5,5,4,0.495762089,102,2862.54691,211.7,2273.230704,694.7
38,-1.6,Everglades,9800,Williams,8160,Coke,1,10001000,2,616,1,1870,7,569,1,1601,44,5,5,4,0.497091697,101,2900.09162,158.9,2282.820439,710.3
39,35.92,Grand Canyon,12100,Williams,8160,Coke,1,10001000,2,616,1,1870,7,569,1,1601,44,5,5,4,0.55510365,124,2679.837799,177.3,1772.547649,308.3
40,5.66,Grand Canyon,7600,Campbell,9475,Orange Crush,0,111000,3,2192.996338,0,2158.015137,0,787,3,1263,689,-1.4,-1.5,10,0.575120123,59,3182.050596,138.9,2574.363601,548
41,22.17,Grand Teton,12600,Williams,10675,Coke,1,11111000,1,1352,0,2468,27,1000,1,2181,1228,-30.3,-30.5,4,0.493067694,48,3005.113167,133.9,2282.086287,517.5
42,,Grand Canyon,7600,Campbell,9475,Orange Crush,0,111000,3,2192.996338,0,2158.015137,0,787,3,1263,689,-1.4,-1.5,10,0.577162336,124,3188.784956,153.3,2573.689381,522.2
43,21.61,Grand Teton,12600,Williams,10675,Coke,1,11111000,1,1352,0,2468,27,1000,1,2181,1228,-30.3,-30.5,4,0.493275362,120,2971.983301,112.4,2142.592613,376.5
44,29.69,Grand Teton,12600,Williams,10675,Coke,1,11111000,2,2000,0,2514,26,1000,2,2587,1531,7.1,33,9,0.490279015,185,2845.631012,105.7,2129.566772,363.4
45,16.52,Great Basin,9800,Campbell,10585,Coke,1,11111000,1,2563,0,2695,31,932,1,1763,9,26.7,40,3,0.535544531,148,3141.92177,277.2,1392.658407,214.7
46,-2.68,Great Sand Dunes,7500,Campbell,8485,Orange Crush,1,11111111,4,1374,2,1870,27,1298,2,1073,396,1.2,1,5,0.566905359,37,3206.060085,141.6,3174.606856,387.9
47,26.71,Great Basin,9800,Campbell,10580,Coke,1,11111000,1,2501,0,2566,28,932,1,1763,8,-26.7,-40,3,0.531457553,216,3011.029665,188.6,1471.735591,235.3
48,34.34,Great Basin,9800,Campbell,10580,Coke,1,11111000,1,2501,0,2566,28,932,1,1763,8,-26.7,-40,3,0.528397333,283,3065.385433,287.3,1447.914205,221.2
49,-0.74,Big Bend,9800,Campbell,8985,Orange Crush,1,11111101,4,736,2,1938,18,900.4794922,2,1074,626,0.7,1,3,0.599503194,108,2699.694344,1336.6,1388.785071,738.6
50,8.38,Great Smoky Mountains,9900,Campbell,8485,Orange Crush,1,11111100,4,701,3,1677,11,1006.78363,1,566,555,0,0,1,0.537465379,148,2720.173821,205,1779.642763,397.4
51,30.48,Great Smoky Mountains,9900,Campbell,8485,Orange Crush,1,11111100,4,701,3,1677,11,1006.78363,1,566,555,0,0,1,0.528623678,163,2698.622709,121.6,1642.325348,422.7
52,,Great Sand Dunes,7500,Campbell,8480,Orange Crush,1,11110111,6,2618,4,2141,15,1297,2,995,393,1.2,1,5,0.562309728,220,3082.436237,188.3,2862.491012,402.2
53,27.8,Great Smoky Mountains,10000,Campbell,8485,Orange Crush,1,11111100,4,701,3,1677,11,1006.78363,1,566,555,0,0,1,0.529695884,228,2602.510781,115.7,1705.952043,483.3
54,-3.75,Guadalupe Mountains,10300,Williams,8485,Orange Crush,1,11111100,4,701,3,1677,11,897.6427612,1,566,555,0,0,1,0.528340498,358,3051.250581,338.4,2137.722016,435.6
55,-1.36,Great Basin,12700,Campbell,8275,Mountain Dew,0,1110,2,2261.509277,0,2760.314941,0,846,2,1317,291,3.5,3.5,6,0.578119357,157,3144.844132,171.1,2918.588565,1057.2
56,-2.27,Great Basin,12600,Campbell,10315,Coke,1,11111000,0,2622,0,2601,36,1757,0,1761,4,0,0,1,0.578508146,164,3139.15703,176.3,2437.832928,741.7
57,7.49,Great Basin,12700,Campbell,10315,Coke,1,11111000,0,2622,0,2601,36,1757,0,1761,4,0,0,1,0.574338272,260,3075.345848,147.2,2844.454398,791.7
58,11.63,Hot Springs,10200,Campbell,8985,Orange Crush,1,11111101,4,736,2,1938,18,651.3717651,2,1074,626,0.7,1,3,0.543487253,211,3246.15202,144.1,3007.073721,426.5
59,-2.38,Guadalupe Mountains,10300,Williams,9295,Mountain Dew,1,10001101,4,1832,2,1829,9,542,2,586,277,1,1,2,0.538644008,367,3406.343871,157.1,2644.198823,336.7
60,33.8,Hot Springs,10300,Campbell,8985,Orange Crush,1,11111101,4,736,2,1938,18,651.3717651,2,1074,626,0.7,1,3,0.535104953,528,3009.242955,124.5,2425.083694,361.8
61,-1.2,Guadalupe Mountains,10300,Williams,8485,Orange Crush,1,11111100,4,701,3,1677,11,897.6427612,1,566,555,0,0,1,0.52199256,123,3441.765756,234.3,2362.696429,980
62,1.58,Grand Canyon,10100,Campbell,8650,Orange Crush,1,11011111,6,710.227356,6,1679,19,1200,0,1217,4,0,0,1,0.560550671,15,3545.666018,170.7,2878.360677,279.1
63,0.1,Grand Canyon,9900,Campbell,8650,Orange Crush,1,11011111,6,710.227356,6,1679,19,1200,0,1217,4,0,0,1,0.561165108,29,3545.595491,238.5,2777.491166,336.1
64,2.87,Joshua Tree,8200,Campbell,8335,Mountain Dew,0,10001001,2,2746,0,2678,4,562,2,1556,21,7.1,16,7,0.557316247,53,3411.085879,264.4,2875.21182,820.7
65,6.98,Hot Springs,7400,Campbell,8335,Mountain Dew,0,10001001,2,2746,0,2678,4,562,2,1556,21,7.1,16,7,0.536369705,28,3278.712697,183.6,3035.88471,389.3
66,0.4,Hot Springs,7400,Campbell,8335,Mountain Dew,0,10001001,2,2746,0,2678,4,562,2,1556,21,7.1,16,7,0.53899411,36,3167.211166,211,2956.639677,562.8
67,60.35,Hot Springs,7400,Campbell,8335,Mountain Dew,0,10001001,2,2746,0,2678,4,562,2,1556,21,7.1,16,7,0.515083309,99,2842.276922,191,2334.65693,453.8
68,26.48,Joshua Tree,8200,Campbell,9495,Orange Crush,1,11101001,6,892,2,1947,8,864,4,1389,602,0.9,1.5,14,0.547561566,132,3391.551227,207.3,2901.845333,756.3
69,25.11,Joshua Tree,8200,Campbell,8755,Orange Crush,0,11101001,4,1893,0,2340,6,858,4,682,388,1.5,1.5,4,0.548127593,211,3385.92728,285.2,2977.532359,966.7
70,22.57,Kings Canyon,10000,Campbell,8985,Orange Crush,1,11111101,4,736,2,1938,18,923.6907349,2,1074,626,0.7,1,3,0.55091589,393,2793.152774,208.9,2435.512097,966.9
71,,Great Basin,9800,Young,10545,Coke,1,11111000,0,1059,0,2628,24,1672,0,1672,17,0,0,1,0.500517285,62,2888.455078,268.3812866,1554.261093,218.6
72,57.13,Great Basin,10000,Young,10550,Coke,1,11110000,0,2781,0,2518,18,1763,0,1792,23,0,0,1,0.499729856,136,2903.189111,148.9,1572.188565,274
73,24.68,Great Basin,9800,Campbell,10545,Coke,1,11111000,0,1059,0,2628,24,1672,0,1672,17,0,0,1,0.512255381,132,3079.502378,458.1,1542.878646,201.4
74,-0.46,Kings Canyon,9900,Campbell,8985,Orange Crush,1,11111101,4,736,2,1938,18,923.6907349,2,1074,626,0.7,1,3,0.562230068,387,3132.680908,232.1712341,1958.012228,393.3
75,49.95,Guadalupe Mountains,10400,Young,9070,Orange Crush,1,10101111,3,1286,1,2105,27,670,2,665,388,-0.5,-0.5,2,0.492984227,98,2956.58701,196.5,2377.513451,637.3
76,,Kings Canyon,9900,Campbell,8985,Orange Crush,1,11111101,4,736,2,1938,18,923.6907349,2,1074,626,0.7,1,3,0.562928571,435,3397.59696,261.9,2263.980877,370.3
77,18.09,Kings Canyon,9900,Campbell,8985,Orange Crush,1,11111101,4,736,2,1938,18,923.6907349,2,1074,626,0.7,1,3,0.554517436,155,3503.145764,287,2588.412089,679.6
78,26.83,Kings Canyon,10000,Campbell,8985,Orange Crush,1,11111101,4,736,2,1938,18,923.6907349,2,1074,626,0.7,1,3,0.553024696,113,3340.95279,198,2544.943509,409.5
79,72.63,Guadalupe Mountains,10600,Campbell,9070,Orange Crush,1,10101111,3,1286,1,2105,27,670,2,665,388,-0.5,-0.5,2,0.490793908,99,2810.163763,209,1716.51506,372.9
80,5.73,Big Bend,9700,Campbell,10075,Coke,1,11110000,1,2356,0,2510,26,1021,1,1050,5,0,0,1,0.57073975,35,2688.771443,185.2,2235.463224,441.3
81,5.14,Big Bend,9700,Campbell,8765,Mountain Dew,0,11001000,4,757,1,2332,4,893,3,1294,368,1.2,1,5,0.570989915,107,2677.106456,158.3,2569.850589,480.7
82,1.47,Kings Canyon,10200,Campbell,8175,Orange Crush,1,10101111,7,1157,6,2009,26,1344,1,958,175,0.7,1,3,0.518512647,50,2983.398776,182.9,2805.494621,556.9
83,86.53,Kings Canyon,10200,Campbell,8175,Orange Crush,1,10101111,7,1157,6,2009,26,1344,1,958,175,0.7,1,3,0.485850131,48,2585.168365,198.1,2318.978438,617.4
84,38.63,Kings Canyon,10200,Campbell,8175,Orange Crush,1,10101111,7,1157,6,2009,26,1344,1,958,175,0.7,1,3,0.504243436,124,3010.465332,232.1712341,2696.502663,927.1
86,9.41,Kings Canyon,7400,Campbell,10175,Coke,1,11111000,1,1432.526855,1,2273,20,1249,0,2641,970,6.7,3,9,0.486643219,28,3030.600808,122.8,2894.154482,380.2
88,4.52,Kings Canyon,7500,Campbell,10175,Coke,1,11111000,1,1432.526855,1,2273,20,1249,0,2641,970,6.7,3,9,0.488415961,88,2960.748549,150.7,2804.015668,481
89,15.09,Kings Canyon,7500,Campbell,8775,Orange Crush,1,11101000,6,1607,4,1791,14,696,2,721,7,-0.5,-0.5,2,0.484584082,100,3064.953528,205.3,3064.953528,340.1
90,25.29,Mammoth Cave,15300,Campbell,8985,Orange Crush,1,11111101,4,736,2,1938,18,937.5639038,2,1074,626,0.7,1,3,0.503955815,123,3295.453913,241.3,2522.626225,396.5
92,29.13,Mammoth Cave,15300,Campbell,8985,Orange Crush,1,11111101,4,736,2,1938,18,937.5639038,2,1074,626,0.7,1,3,0.501580903,134,3480.775229,225.4,2574.593043,195.1
95,29.48,Lake Clark,12400,Williams,8330,Orange Crush,1,10001111,5,876.4413452,3,1925,18,932,2,1340,134,1.5,1.5,4,0.498599038,233,2768.887457,215.6,2371.409781,351
96,,Carlsbad Caverns,10100,Williams,8335,Mountain Dew,0,10001001,2,2746,0,2678,4,562,2,1556,21,7.1,16,7,0.514748458,47,2756.766649,188.4,2073.483878,380.3
97,12.63,Carlsbad Caverns,10100,Williams,8335,Mountain Dew,0,10001001,2,2746,0,2678,4,562,2,1556,21,7.1,16,7,0.511444884,50,2594.2212,310.2,1890.757538,455.1
98,102.51,Great Basin,12400,Young,10255,Coke,1,11111000,2,772,2,2366,27,1748,0,1748,24,0,0,1,0.517879525,87,2269.844556,128.3,1693.156406,556
99,92.25,Great Basin,12400,Young,10255,Coke,1,11111000,2,772,2,2366,27,1748,0,1748,24,0,0,1,0.52494356,89,2377.199546,120.3,1710.870419,523.8
100,6.34,Carlsbad Caverns,10100,Williams,8240,Coke,0,10001001,1,1930.94519,0,2971,1,717,1,1656,47,-4.8,-5,6,0.513847136,107,2730.315121,196.7,1933.705533,426
101,6.17,Carlsbad Caverns,10100,Williams,8240,Coke,0,10001001,1,1930.94519,0,2971,1,717,1,1656,47,-4.8,-5,6,0.513912062,120,2575.69115,239.3,2075.546549,527.9
102,7.24,Carlsbad Caverns,7300,Williams,8180,Coke,0,10001000,2,1213,0,2194,5,578,2,1129,26,-1.3,-2.5,4,0.505226105,35,2781.318653,294.9,2295.844348,416
103,-4.14,Carlsbad Caverns,7300,Williams,8240,Coke,0,10001001,1,1930.94519,0,2971,1,717,1,1656,47,-4.8,-5,6,0.509502253,34,2906.213082,305.5,2247.58738,363.4
104,26.68,Carlsbad Caverns,7300,Williams,8160,Coke,1,10001000,2,616,1,1870,7,569,1,1601,44,5,5,4,0.497921332,91,2738.838669,217.1,1984.22885,327.7
105,0.67,Denali,10200,Campbell,9000,Mountain Dew,0,11111000,4,2256.3125,0,2128.180176,0,879,4,1495,316,0.2,0,9,0.554482208,30,3148.721362,291.6,2662.974152,638.3
106,-2.8,Denali,9400,Campbell,10270,Coke,1,111000,0,577.7485352,0,1870,8,1440,0,1440,6,0,0,1,0.555906257,54,3202.266903,292.2,2314.917876,609.1
107,55.13,Denali,10200,Campbell,10270,Coke,1,111000,0,577.7485352,0,1870,8,1440,0,1440,6,0,0,1,0.532132444,135,2924.140031,309.5,2087.818061,752.4
108,1.51,Glacier,10100,Campbell,8530,Orange Crush,0,111100,4,2096.267578,0,2161.416016,0,959,4,1561,331,-5,-0.5,10,0.562450063,112,3132.012505,197.9,2839.83509,656
109,33.77,Lake Clark,10800,Williams,8350,Orange Crush,1,11011111,8,1707,3,1985,24,792,5,1304,300,-18.6,-27.5,10,0.485013292,33,2582.552389,153.4,2372.739292,684.7
110,18.72,Glacier,10300,Campbell,8500,Orange Crush,0,11011010,5,2055.75,0,2292.501221,0,627,5,1221,326,-7.5,-2.5,10,0.553742583,32,3214.919515,215.6,3058.222424,611.8
111,-0.55,Lake Clark,9800,Williams,8325,Orange Crush,1,10011111,7,872.7144165,3,1937,19,708,4,697,130,0.3,0.5,4,0.502013393,35,2691.456299,232.1712341,2509.734182,626.1
112,14.37,Lake Clark,10600,Williams,10440,Coke,1,1111000,1,1900.354614,0,2217,15,1000,1,1000,18,0,0,1,0.492152253,99,2718.909404,164,2123.056545,644.9
113,45.67,Glacier,10300,Campbell,8515,Orange Crush,0,11011101,7,2089.91748,0,2033.772339,0,959,7,1050,327,-3.9,1,10,0.542547808,132,3183.079823,189.3,3091.153367,476.8
114,-0.46,Lake Clark,9800,Williams,10440,Coke,1,11111000,1,1901,0,2213,18,1000,1,1000,9,0,0,1,0.501979983,107,2225.376221,236.9354553,2879.175352,571.6
115,23,Lake Clark,10600,Williams,10420,Coke,1,11111000,1,1701.175171,0,2270,18,1000,1,1000,18,0,0,1,0.488976519,162,2576.100462,198.1,2386.942578,616.2
116,11.92,Lake Clark,9800,Williams,8375,Orange Crush,1,11011111,8,1000.99646,3,1808,16,755,5,1479,284,11.6,2,12,0.498518451,167,2670.179469,156,2619.197522,730.6
117,0.89,Canyonlands,15700,Williams,8985,Orange Crush,1,11111101,4,736,2,1938,18,937.5639038,2,1074,626,0.7,1,3,0.544308289,131,3135.863594,222,1958.565871,250.8
118,-2.13,Arches,11100,Campbell,8445,Orange Crush,1,10101111,5,2081,4,1948,25,1439,1,1048,183,0.7,1,3,0.522708084,445,2903.359808,154.7,2793.901301,621.5
119,-1.45,Hot Springs,9800,Campbell,8160,Coke,1,10001000,2,616,1,1870,7,569,1,1601,44,5,5,4,0.551499235,42,3383.440746,176.9,2830.180516,619.8
120,-1.63,Hot Springs,10000,Campbell,8160,Coke,1,10001000,2,616,1,1870,7,569,1,1601,44,5,5,4,0.551572593,38,3452.534082,254.1,2665.209027,740.3
121,0.25,Canyonlands,15600,Williams,8985,Orange Crush,1,11111101,4,736,2,1938,18,937.5639038,2,1074,626,0.7,1,3,0.544566161,228,3179.769204,209.3,2010.03753,809.2
122,3.63,Kings Canyon,11800,Campbell,8985,Orange Crush,1,11111101,4,736,2,1938,18,923.6907349,2,1074,626,0.7,1,3,0.595283831,119,2888.209673,172.5,2438.908726,577.7
123,10.28,Arches,11200,Campbell,8445,Orange Crush,1,10101111,5,2081,4,1948,25,1439,1,1048,183,0.7,1,3,0.517916936,514,2810.670566,189.1,2379.488149,637.4
124,15.66,Canyonlands,15400,Williams,8985,Orange Crush,1,11111101,4,736,2,1938,18,937.5639038,2,1074,626,0.7,1,3,0.537945825,337,2758.176414,182.7,2054.635437,446.1
125,40.52,Hot Springs,10000,Campbell,8160,Coke,1,10001000,2,616,1,1870,7,569,1,1601,44,5,5,4,0.534394724,133,3069.592497,251.7,2324.338199,702.7
126,5.25,Big Bend,10100,Williams,9205,Orange Crush,1,11111101,6,974,5,1863,24,579,1,928,3,1,1,2,0.591149071,317,3405.908673,242.3,2287.406549,594.9
127,-5.71,Mount Rainier,7400,Campbell,9545,Orange Crush,1,1111101,3,1131.72583,1,1723,7,1450,2,1004,209,-1,-1,4,0.510718973,358,3129.436529,137.3,3092.401778,435.3
128,22.28,Big Bend,10200,Williams,9205,Orange Crush,1,11111101,6,974,5,1863,24,579,1,928,3,1,1,2,0.583672645,392,3019.273459,246.6,2491.999092,604.9
129,81.66,Canyonlands,10300,Young,8335,Mountain Dew,0,10001001,2,2746,0,2678,4,562,2,1556,21,7.1,16,7,0.511177664,48,2178.831474,163.6,1487.563294,707.9
130,1.55,Mount Rainier,7600,Campbell,9570,Orange Crush,1,11110010,3,1050.56604,1,1578,8,1450,2,1078,191,0.3,0.5,4,0.510585209,301,3317.264094,198.3,3062.836299,459.5
131,,Big Bend,10200,Williams,8860,Mountain Dew,1,11111010,11,237,6,1769,10,388,5,598,195,0,0,5,0.588176939,491,3120.067826,214.9,2437.221124,529.3
132,70.53,Canyonlands,10300,Young,8335,Mountain Dew,0,10001001,2,2746,0,2678,4,562,2,1556,21,7.1,16,7,0.515657072,113,2147.943132,189.7,1531.745871,638.6
133,8.07,Mount Rainier,7600,Campbell,10385,Coke,1,11111000,3,1348,3,2164,32,1366,0,2081,1639,-10,-13,4,0.508119701,383,3156.085533,129.5,3062.097199,919.4
134,0.85,Acadia,10300,Campbell,8160,Coke,1,10001000,2,616,1,1870,7,569,1,1601,44,5,5,4,0.574264328,107,3479.21576,224.5,3024.888888,390.9
135,62.68,Canyonlands,10300,Young,8335,Mountain Dew,0,10001001,2,2746,0,2678,4,562,2,1556,21,7.1,16,7,0.518816402,187,2206.131451,734,1571.450458,659.5
136,0.88,Acadia,10300,Campbell,8160,Coke,1,10001000,2,616,1,1870,7,569,1,1601,44,5,5,4,0.574251575,151,3440.218761,202.4,2890.949204,327.6
137,,Dry Tortugas,7300,Campbell,8920,Orange Crush,1,11011000,3,1217,1,1999,12,610,2,746,400,2,2,2,0.606818415,38,3148.416568,146.8,3195.083894,1018
138,11.23,Dry Tortugas,7300,Campbell,9315,Orange Crush,1,11111010,7,837,4,1923,32,784,3,1485,751,2.9,-1,9,0.60038708,156,3119.387257,152,2420.874159,505.6
139,58.05,Everglades,10500,Young,8870,Mountain Dew,0,1110,3,2780,0,2629,3,858,3,1024,318,-1.2,-1,5,0.502460988,101,2485.747411,207.4,2501.605448,676.6
140,67.17,Everglades,10500,Young,8810,Mountain Dew,0,10001101,4,1781,0,2300,12,666,4,851,343,0,0,5,0.498918962,246,2416.34651,224.1,2168.165348,805
141,-1.91,Great Basin,9800,Campbell,9120,Sprite,1,11011101,3,1526,2,2045,20,796,1,814,18,0,0,1,0.58533376,48,3012.960439,138.8,2625.100015,636.4
142,-0.13,Great Basin,9800,Campbell,8765,Orange Crush,1,11111101,10,705,9,1639,30,818,1,818,4,0,0,1,0.582275356,49,2939.421008,193.2,2292.099985,766.5
143,29.05,North Cascades,7400,Campbell,10085,Coke,1,11110000,0,1489.7948,0,2263,20,1147,0,1154,6,0,0,1,0.539171012,171,2725.084317,152.6,1668.609211,502
144,33.22,North Cascades,7400,Campbell,9980,Coke,1,11111000,1,734,1,2186,18,1703,0,1731,1,0,0,1,0.537471243,220,2703.052235,183.5,1703.5611,550.8
145,-3.13,Great Sand Dunes,7300,Campbell,8455,Orange Crush,0,1001101,5,2119.584961,0,1961.406494,0,1260,5,1578,458,1.9,-1,14,0.574183679,36,3418.652943,268,2803.295414,444.6
146,14.06,Olympic,12600,Williams,9110,Orange Crush,1,11011001,6,1465,1,2172,17,1011,5,1018,597,-0.6,-1,7,0.552795941,679,3173.314467,577.2,1813.776337,532.9
147,52.38,Petrified Forest,11800,Young,8215,Mountain Dew,1,10001011,2,1934,2,1876,10,1320,0,1650,14,1,1,2,0.482264741,39,2383.651435,147.2,1890.723517,673.8
148,-0.56,Great Sand Dunes,7300,Campbell,8535,Orange Crush,1,10011110,3,1620,0,2220,12,934.2380371,3,543,507,0.7,1,3,0.573094568,113,3349.964309,143.4,3174.788642,455.8
149,11.31,Petrified Forest,11800,Williams,8215,Mountain Dew,1,10001011,2,1934,2,1876,10,1320,0,1650,14,1,1,2,0.497507574,129,2692.737861,176.5,2094.233551,800.8
150,11.7,Olympic,11400,Williams,9110,Orange Crush,1,11011001,6,1465,1,2172,17,1011,5,1018,597,-0.6,-1,7,0.556864871,195,3229.885956,868.2,2429.851705,491.7
151,3.86,Redwood,9600,Campbell,7345,Orange Crush,1,11011101,6,637,5,1589,14,677,1,1542,25,17.7,1,3,0.548505379,278,2570.272566,109,2101.778068,195.8
152,7.71,Redwood,9600,Campbell,7345,Orange Crush,1,11011101,6,637,5,1589,14,677,1,1542,25,17.7,1,3,0.546938715,342,2553.961908,111.5,2178.882147,177.6
153,-2.47,Acadia,10200,Campbell,9475,Orange Crush,0,111000,3,2193.672363,0,1985.405396,0,787,3,1263,689,-1.4,-1.5,10,0.606314397,76,2919.941462,276.5,2657.547911,596.9
154,-0.71,Acadia,10200,Campbell,9475,Orange Crush,0,111000,3,2193.672363,0,1985.405396,0,787,3,1263,689,-1.4,-1.5,10,0.605526426,98,2859.650296,280.7,2451.90137,520.2
155,12.44,Redwood,9600,Campbell,7345,Orange Crush,1,11011101,6,637,5,1589,14,677,1,1542,25,17.7,1,3,0.545013956,376,2499.417045,105,1969.816576,226.6
156,5.27,Dry Tortugas,12600,Williams,9310,Orange Crush,1,11111100,4,1228,2,2248,21,844,2,1654,611,-2.3,1,7,0.577359106,456,3242.812405,153.3,2877.138122,227
157,-7,Petrified Forest,9800,Campbell,8435,Mountain Dew,0,1110,3,2655,0,2643,2,850,3,1149,287,-1.2,-1,5,0.561498688,44,2769.57419,130.6,2289.427364,334
158,5.71,Carlsbad Caverns,7500,Williams,8985,Orange Crush,1,11111101,4,736,2,1938,18,814.5766602,2,1074,626,0.7,1,3,0.494821106,41,2278.39469,249.8,1324.59823,647.2
159,10.62,Carlsbad Caverns,7500,Williams,8985,Orange Crush,1,11111101,4,736,2,1938,18,814.5766602,2,1074,626,0.7,1,3,0.493016176,88,2189.968557,190.1,1408.901054,694.5
160,16.97,Carlsbad Caverns,7500,Williams,8985,Orange Crush,1,11111101,4,736,2,1938,18,814.5766602,2,1074,626,0.7,1,3,0.490681897,134,2204.64935,191,1123.938884,696.4
161,59.23,Glacier,10000,Young,8475,Mountain Dew,1,11001111,5,697,2,1801,12,880,3,1635,322,-0.6,-1,7,0.543280909,564,2825.472997,179.4,2453.491958,772.5
162,4.26,Glacier,10000,Campbell,9085,Orange Crush,0,11111101,5,2794,0,2867,5,795,5,1703,597,1.8,1,24,0.573436957,435,3159.452174,215,3048.83913,542.3
163,5.1,Joshua Tree,9000,Campbell,10520,Coke,1,11111000,2,2611,2,2471,41,1134,0,1149,23,0,0,1,0.541161144,38,3480.652674,194.3,3228.586918,333.8
164,12.08,Joshua Tree,8800,Campbell,10520,Coke,1,11111000,1,1415,1,2391,37,1201,0,1201,38,0,0,1,0.538356253,118,3531.805048,135.3,3114.487134,409.8
165,42.28,Joshua Tree,9000,Campbell,10520,Coke,1,11111000,1,1415,1,2391,37,1201,0,1201,38,0,0,1,0.526220478,112,3223.889381,114,3042.133097,534.9
166,20.89,Badlands,10200,Young,9065,Mountain Dew,1,10011101,3,1059,1,1730,9,576,2,1382,224,-1,-1,4,0.505115363,29,3272.850619,186.2,2823.121947,723.1
167,6.69,Glacier,10000,Williams,9085,Orange Crush,0,11111101,5,2794,0,2867,5,795,5,1703,597,1.8,1,24,0.578302868,280,3301.484148,466.2,3030.730342,424.7
168,95.62,Badlands,10200,Young,8815,Orange Crush,1,10111000,3,1202,1,1872,13,681.1044922,2,836,831,0.7,1,3,0.476753042,129,2899.779,333,2069.137445,1131.9
169,74.43,Badlands,10200,Young,9065,Mountain Dew,1,10011101,3,1059,1,1730,9,576,2,1382,224,-1,-1,4,0.484795295,236,2869.74137,318,1955.017345,1017.6
170,19.04,Big Bend,15500,Williams,8700,Mountain Dew,0,11111000,3,2820,0,2582,3,860,3,894,381,1.2,1,5,0.508894243,112,2652.091397,314.6,2083.410681,530
171,20.93,Big Bend,16000,Williams,7720,Orange Crush,1,11111000,3,2269,0,2306,7,720,3,890,208,1.2,1,5,0.508172567,197,2741.192112,235.2,1695.031604,487.2
172,18.53,Rocky Mountain,10200,Williams,8985,Orange Crush,1,11111101,4,736,2,1938,18,937.5639038,2,1074,626,0.7,1,3,0.574648808,250,2981.228426,254.6,2521.525948,490.1
173,-6.95,Great Smoky Mountains,10300,Williams,8390,Mountain Dew,0,10001101,4,1830.104736,0,2158.385742,0,843,4,1512,316,1.2,1,10,0.552904246,33,2901.40995,180,2612.251004,492.5
174,19.72,Great Smoky Mountains,10300,Williams,8390,Mountain Dew,0,10001101,4,1830.104736,0,2158.385742,0,843,4,1512,316,1.2,1,10,0.544716692,31,2862.625148,174.9,2721.909165,527.1
175,8.31,Glacier,15400,Williams,8335,Mountain Dew,0,10001001,2,2746,0,2678,4,562,2,1556,21,7.1,16,7,0.564166454,310,3348.244094,229.3,2846.434552,1109.5
176,21.04,Petrified Forest,9900,Williams,10415,Coke,1,11100000,2,1251.563354,2,2071,12,1455,0,1490,4,0,0,1,0.51058827,39,2537.420385,190.7,1685.325063,580.9
177,21.98,Petrified Forest,10000,Williams,10415,Coke,1,11100000,2,1251.563354,2,2071,12,1455,0,1490,4,0,0,1,0.510739265,112,2325.636337,197.6,2008.504109,543.5
178,5.87,Glacier,15800,Williams,8335,Mountain Dew,0,10001001,2,2746,0,2678,4,562,2,1556,21,7.1,16,7,0.565191085,415,3355.734944,320.7,3106.09055,538.4
179,13.8,Petrified Forest,10000,Williams,10415,Coke,1,11100000,2,1251.563354,2,2071,12,1455,0,1490,4,0,0,1,0.513880965,178,2519.909296,324.3,1889.667164,633.4
180,37,Glacier,15800,Williams,8335,Mountain Dew,0,10001001,2,2746,0,2678,4,562,2,1556,21,7.1,16,7,0.552118641,488,3169.855167,185.2,3050.102809,531.4
181,15.19,Great Basin,10000,Campbell,10055,Coke,1,11111000,0,1341,0,2444,33,1283,0,1326,19,0,0,1,0.566522913,135,2778.035644,687.2,2535.961762,456.7
182,19.2,Great Basin,10000,Campbell,10285,Coke,1,11111000,1,1038,1,2536,29,1775,0,1783,28,0,0,1,0.564823254,126,2569.498384,140.3,2313.074005,597.7
183,38.38,Great Basin,10000,Campbell,10275,Coke,1,11110000,1,1336.925781,1,2275,16,1639,0,1950,1085,-0.7,-1,3,0.556693708,190,2584.143363,124.1,2555.544148,399.2
184,19.4,North Cascades,10400,Williams,10090,Coke,1,11110000,0,2409.567627,0,2582,20,1511,0,1647,1,0,0,1,0.547718405,219,2666.452682,131.6,1770.280839,800.3
185,19.03,North Cascades,10400,Williams,10090,Coke,1,11110000,0,2409.567627,0,2582,20,1511,0,1647,1,0,0,1,0.547870505,266,2722.559369,170.9,2523.886118,688
186,36.14,North Cascades,10400,Williams,10090,Coke,1,11110000,0,2409.567627,0,2582,20,1511,0,1647,1,0,0,1,0.540836906,285,2655.381216,154.5,2462.709788,547.5
187,28.1,Everglades,10500,Campbell,8810,Mountain Dew,0,10001101,4,1781,0,2300,12,666,4,851,343,0,0,5,0.502990114,154,2913.556622,291.7,1741.495752,676.9
188,31.06,Everglades,10400,Williams,8810,Mountain Dew,0,10001101,4,1781,0,2300,12,666,4,851,343,0,0,5,0.501865337,213,2964.785264,252.1,2221.265448,624
189,33.72,Petrified Forest,10000,Williams,7520,Mountain Dew,1,10001000,2,784,1,1628,4,1980,1,1556,155,-0.7,-1,3,0.492131695,41,2410.974005,144.5,2433.602601,375.6
190,5.62,Everglades,10400,Williams,8810,Mountain Dew,0,10001101,4,1781,0,2300,12,666,4,851,343,0,0,5,0.511532341,309,3061.117722,306.5,1963.574113,883.5
191,20.53,Petrified Forest,10000,Williams,7520,Mountain Dew,1,10001000,2,784,1,1628,4,1980,1,1556,155,-0.7,-1,3,0.497056503,107,2485.828165,203.5,2458.557476,451.7
192,23.17,Great Basin,9800,Campbell,10650,Coke,1,11111000,0,1142,0,2602,26,1847,0,1847,16,0,0,1,0.543612617,32,2738.44581,110.2,2779.193382,365.7
193,23.53,Petrified Forest,10000,Williams,8755,Mountain Dew,1,10001011,4,1537,3,1870,12,882,1,1172,10,1,1,2,0.49593638,171,2424.761231,158.4,2323.468449,334.8
194,,Great Basin,10000,Young,8915,Orange Crush,1,11111100,5,991,4,1832,21,797,1,1720,664,12,12,4,0.523895323,100,2471.255945,105,2472.226587,313.8
195,28.3,Everglades,10000,Campbell,9475,Mountain Dew,1,11111101,5,2331,1,1948,7,580,4,1499,285,16.9,30,11,0.505867641,29,2712.567541,254.9,2313.355575,794
196,62.34,Great Basin,9800,Young,10650,Coke,1,11111000,0,1142,0,2602,26,1847,0,1847,16,0,0,1,0.527585923,176,2514.476383,106.7,2120.666456,475.1
197,41.75,Everglades,10000,Campbell,9475,Mountain Dew,1,11111101,5,2331,1,1948,7,580,4,1499,285,16.9,30,11,0.500726729,148,2597.442801,193.2,2254.978707,442.3
198,-0.84,Big Bend,12800,Campbell,9965,Coke,1,1111000,1,1677,0,2241,18,919,1,967,35,0,0,1,0.606521422,441,2621.10985,217.3,1434.416699,243.4
199,2.96,Big Bend,12500,Campbell,10130,Coke,1,11110000,0,1905.756836,0,2214,12,1092,0,1100,4,0,0,1,0.605544059,41,2745.732051,196.6,1683.805117,1002.2
200,-2.1,Big Bend,12600,Campbell,10130,Coke,1,11110000,0,1905.756836,0,2214,12,1092,0,1100,4,0,0,1,0.607815705,130,2846.88364,269.3,1917.067818,1069.3
201,34.33,Lake Clark,12700,Williams,8455,Orange Crush,1,11011111,6,871,6,1943,29,1456,0,1859,503,32.6,53,5,0.501028289,181,2727.339854,485.6,2165.224217,657
202,43.13,Everglades,9800,Young,10235,Coke,1,11111000,1,1887,0,2373,27,826,1,838,1,0,0,1,0.49727883,60,2730.944463,255.1,2086.997291,740.5
203,23.1,Lake Clark,12600,Williams,8045,Orange Crush,1,10101111,9,1707.905518,5,1989,18,722,4,703,139,0.3,0.5,4,0.505299059,282,2707.380662,157.5,2690.661985,615
204,39.95,Everglades,9800,Young,10235,Coke,1,11111000,1,1887,0,2373,27,826,1,838,1,0,0,1,0.498487205,189,2661.586795,167.9,1997.20908,497.2
205,8.21,Lake Clark,12700,Williams,10365,Coke,1,11111000,0,1930.352539,0,2150,16,1200,0,1758,8,0.7,1,3,0.510961728,359,2804.131512,142.3,2854.3197,394.8
206,16.66,Lake Clark,10300,Campbell,10355,Coke,1,11110000,1,1701.175171,0,2263,16,1026,1,1859,6,-0.5,-0.5,2,0.509494796,39,2144.46691,317.7,2110.712389,567.7
207,17.37,Grand Teton,15400,Campbell,8340,Orange Crush,1,10101111,3,1446,2,1992,19,1200,1,918,183,0.7,1,3,0.517438798,547,2659.629796,204,2523.697845,664
208,26.09,Lake Clark,10200,Williams,8070,Orange Crush,1,1001111,5,989.592041,3,1856,11,800,2,987,140,0.3,0.5,4,0.50589623,107,2019.252397,214.3,1753.971943,312.3
209,29.88,Lake Clark,10200,Williams,10355,Coke,1,11111000,1,2347.749268,0,2159,16,1026,1,1750,9,-0.7,-1,3,0.504449934,172,2143.447726,873.6,2124.827041,529.7
210,13.57,Grand Teton,15800,Williams,8355,Dr Pepper,0,10100001,1,919.0134888,0,2432,3,1411,1,1047,174,0.7,1,3,0.5194272,139,3062.199077,346,2622.471528,678.2
213,30.62,Grand Teton,15700,Williams,8375,Orange Crush,1,10101001,3,816.319519,2,1912,8,1411,1,1050,187,0.7,1,3,0.512809254,217,2714.593621,245.5,2578.192266,901.9
214,0.54,Great Basin,10400,Williams,10040,Coke,1,11111000,1,831.638855,1,2354,24,1437,0,1441,16,0,0,1,0.638137019,73,2909.625279,172,1749.014082,208.3
215,6.73,Petrified Forest,9800,Williams,8340,Sprite,1,10001111,3,1411.046997,0,2188,8,561,3,812,216,-1,-1,4,0.551270714,290,2789.780893,121.6,2643.175606,397.6
216,9.69,Petrified Forest,9800,Williams,8340,Sprite,1,10001111,3,1411.046997,0,2188,8,561,3,812,216,-1,-1,4,0.550057558,353,2758.72444,138.4,2515.777676,424.6
217,5.94,Petrified Forest,9700,Williams,8340,Sprite,1,10001111,3,1411.046997,0,2188,8,561,3,812,216,-1,-1,4,0.551594496,414,2721.171681,108,2383.70354,608.6
218,23.36,Acadia,10300,Campbell,10415,Coke,1,11100000,2,1195.286743,2,2071,12,1455,0,1490,4,0,0,1,0.590354319,47,2801.394921,177.8,2238.400192,381.4
219,-1.54,Guadalupe Mountains,15400,Campbell,8480,Orange Crush,1,11110111,6,2618,4,2141,15,1297,2,995,393,1.2,1,5,0.558825852,109,3102.335321,216.1,2510.022085,617.1
220,,Guadalupe Mountains,15400,Williams,8160,Coke,1,10001000,2,616,1,1870,7,569,1,1601,44,5,5,4,0.55975494,150,3117.687957,191.3,2687.512197,559.3
221,71.19,Acadia,10300,Campbell,10415,Coke,1,11100000,2,1195.286743,2,2071,12,1455,0,1490,4,0,0,1,0.569098586,114,2720.473551,168.1,2288.421185,451.1
222,-9.64,Guadalupe Mountains,15400,Campbell,9115,Orange Crush,1,11111100,5,1454,4,1933,22,1040,1,1377,776,0.3,0.5,4,0.562170569,164,3281.536437,169,2623.257599,487.7
223,19.15,Arches,12800,Campbell,10570,Coke,1,11111000,1,1122,0,2174,26,1000,1,1500,29,-0.5,-0.5,2,0.512544035,407,2574.941516,158,2112.50304,591.8
224,25.99,Arches,12800,Campbell,10545,Coke,1,11111000,2,2122,0,2308,27,1000,2,1000,17,-0.5,-0.5,2,0.509913306,502,2573.080854,156.5,2105.910088,766
225,46.45,Canyonlands,10300,Williams,8335,Mountain Dew,0,10001001,2,2746,0,2678,4,562,2,1556,21,7.1,16,7,0.524243429,65,2110.786949,166.4,903.0374375,365.2
226,31.5,Canyonlands,10300,Williams,8335,Mountain Dew,0,10001001,2,2746,0,2678,4,562,2,1556,21,7.1,16,7,0.530247589,60,1900.924155,183.4,945.3021316,577.4
227,19.06,Arches,12800,Campbell,10545,Coke,1,11111000,2,2122,0,2308,27,1000,2,1000,17,-0.5,-0.5,2,0.512578649,593,2613.121739,170.7,1950.906656,780.2
228,40.74,Canyonlands,10300,Williams,8335,Mountain Dew,0,10001001,2,2746,0,2678,4,562,2,1556,21,7.1,16,7,0.526536657,203,1824.858692,128.6,933.2935975,409
229,3.3,Hot Springs,12600,Campbell,8920,Orange Crush,1,11011000,3,1217,1,1999,12,610,2,746,400,2,2,2,0.553714195,43,3015.39506,221.4,2746.547426,565.7
230,3.03,Hot Springs,12600,Campbell,10085,Coke,1,1111000,0,2768.439697,0,2467,23,1508,0,1644,1,0,0,1,0.553825062,49,3041.303786,222.1,2686.28778,622.1
231,24.55,Hot Springs,12800,Campbell,8920,Orange Crush,1,11011000,3,1217,1,1999,12,610,2,746,400,2,2,2,0.544886397,35,2899.708788,183.6,2551.451781,409.3
232,-3.38,Mount Rainier,10800,Campbell,10350,Coke,1,11111000,5,1522,4,2136,33,1023,1,1962,1571,-34,-45,4,0.528092002,468,3064.850396,431,2571.955575,691
233,22.51,Mount Rainier,10800,Campbell,10357.5,Coke,1,11111001,3,2854,3,2151,47,1492,0,1492,11,0,0,1,0.520048796,47,3127.017699,501.5,2588.417661,520.7
234,23.13,Mount Rainier,10800,Campbell,10365,Coke,1,11111000,4,1450.624878,4,2229,37,1492,0,1492,11,0,0,1,0.517761364,571,3105.356922,221.4,2433.504802,687.4
235,30.18,Badlands,15800,Campbell,9065,Mountain Dew,1,10011101,3,1059,1,1730,9,576,2,1382,224,-1,-1,4,0.508810297,62,2794.958161,320.2,1831.250796,611.9
236,,Badlands,15800,Campbell,8815,Orange Crush,1,10111000,3,1202,1,1872,13,681.1044922,2,836,831,0.7,1,3,0.520791318,162,2930.910773,147.3,1765.68711,284.4
237,2.1,Badlands,15800,Williams,8815,Orange Crush,1,10111000,3,1202,1,1872,13,681.1044922,2,836,831,0.7,1,3,0.519620935,316,3049.659077,287.7,1778.518946,532
238,-4.9,Glacier,10400,Campbell,8480,Orange Crush,1,11111111,5,765,3,1913,15,651,2,1456,909,14.1,2,9,0.56397171,44,2901.724733,183.4,3079.070489,1036.7
239,35.91,Glacier,10300,Young,8480,Orange Crush,1,11111111,5,765,3,1913,15,651,2,1456,909,14.1,2,9,0.544779338,45,3020.245094,203.8,2234.940362,578.3
240,34.82,Glacier,10300,Young,8480,Orange Crush,1,11111111,5,765,3,1913,15,651,2,1456,909,14.1,2,9,0.547460172,121,2711.988942,251.2,2767.440439,586
241,13.46,Denali,13000,Williams,8275,Mountain Dew,0,1110,2,2324.162598,0,2535.925293,0,846,2,1317,291,3.5,3.5,6,0.550263215,519,2576.26137,535.1,1012.064833,315.1
242,13.66,North Cascades,10100,Campbell,9945,Coke,1,11111000,1,1633,0,2736,19,1016,1,1016,9,0,0,1,0.551107734,40,2789.521162,450,2937.843594,854.9
243,5.26,Badlands,12900,Campbell,8595,Pepsi,0,11011000,4,1946,0,2335,7,648,4,893,297,-4.6,-8,5,0.565343624,36,2970.475952,171.1,984.4393228,590.6
244,14.4,Denali,13000,Williams,8275,Mountain Dew,0,1110,2,2324.162598,0,2535.925293,0,846,2,1317,291,3.5,3.5,6,0.557698293,57,2597.085479,164.7,1325.000416,953.5
245,30.9,North Cascades,10100,Campbell,9790,Coke,1,1111000,0,2749,0,2443,12,1906,0,2788,1032,-28.5,-28.5,2,0.544007427,104,2591.577861,423,2666.980485,982.7
246,16.36,Badlands,13000,Campbell,9065,Mountain Dew,1,10011101,3,1059,1,1730,9,576,2,1382,224,-1,-1,4,0.560683247,118,2817.625625,278.8,2045.152982,1330.4
247,14.04,Badlands,12700,Campbell,8410,Mountain Dew,1,10001101,3,1205,1,1729,9,1000,2,806,176,1,1,2,0.558569017,189,2700.095806,179.2,2485.147003,1010.9
248,3.82,North Cascades,10100,Campbell,9945,Coke,1,11111000,1,1633,0,2736,19,1016,1,1016,9,0,0,1,0.555160345,237,2876.678038,293.9,2559.673921,907.2
249,24.77,Great Basin,12600,Young,10565,Coke,1,11111000,1,768,1,2423,28,1732,0,2198,16,-20,-20,2,0.52886577,158,2617.333459,184.1,1913.749196,580.7
250,30.9,Great Basin,12700,Campbell,10565,Coke,1,11111000,1,768,1,2423,28,1732,0,2198,16,-20,-20,2,0.526422733,151,2585.380385,159.3,1319.029465,451.6
251,32.79,Great Basin,12700,Campbell,10565,Coke,1,11111000,1,768,1,2423,28,1732,0,2198,16,-20,-20,2,0.525669496,225,2623.4198,116,1695.386333,536.6
252,3.9,Sequoia,10000,Campbell,8450,Orange Crush,0,11000001,3,2481,0,2708,3,651,3,1161,352,0.7,1,7,0.528055601,52,2739.891112,227.4,2319.774475,475.8
253,-12.43,Sequoia,10300,Campbell,8450,Orange Crush,0,11000001,3,2481,0,2708,3,651,3,1161,352,0.7,1,7,0.532353541,47,2931.53319,264,2805.079207,461.8
254,22.47,Sequoia,10200,Williams,8450,Orange Crush,0,11000001,3,2481,0,2708,3,651,3,1161,352,0.7,1,7,0.520780505,121,2747.544833,154.9,2214.142524,481.8
255,-7.45,Kings Canyon,7600,Campbell,9495,Orange Crush,1,11111000,5,1012,1,2254,20,713,4,1699,725,-14.6,-22.5,18,0.483027875,49,3006.098045,257.1,2805.181939,524.9
256,-5.57,Kings Canyon,7600,Campbell,9495,Orange Crush,1,11101001,6,892,2,1947,8,864,4,1389,602,0.9,1.5,14,0.482359784,113,3124.461324,167.3,2995.954375,456.3
257,30.95,Grand Canyon,10100,Williams,8350,Orange Crush,0,11001000,3,1348,0,2168,9,650,3,695,313,0.7,1,3,0.558724894,282,2626.5012,230,2511.856437,627.9
258,-4.01,Great Smoky Mountains,15100,Campbell,8470,Orange Crush,1,11011001,5,1012,3,1856,12,759.9481812,2,542,452,1,1,2,0.523538231,230,2749.20177,188,2586.205618,500.2
259,35.36,Grand Canyon,10100,Williams,8350,Orange Crush,0,11001000,3,1348,0,2168,9,650,3,695,313,0.7,1,3,0.556859425,367,2528.183455,221,2720.054521,494.4
260,5.7,Great Smoky Mountains,15300,Campbell,8470,Orange Crush,1,11011001,5,1012,3,1856,12,759.9481812,2,542,452,1,1,2,0.51916722,49,2582.789304,164.5,2392.027272,450.1
261,13.8,Great Smoky Mountains,15600,Campbell,8470,Orange Crush,1,11011001,5,1012,3,1856,12,759.9481812,2,542,452,1,1,2,0.516043157,49,2790.013067,136.4,2428.815475,441.3
262,44.56,Lake Clark,13600,Williams,8390,Mountain Dew,0,10001101,4,2145.35791,0,2279.505859,0,843,4,1512,316,1.2,1,10,0.500457436,50,2217.049211,244.6,2051.099384,657.7
263,35.84,Lake Clark,13200,Williams,8810,Mountain Dew,0,10001101,4,1781,0,2300,12,666,4,851,343,0,0,5,0.498732522,317,2379.743894,176.5,2201.34,589.4
264,44.16,Lake Clark,13600,Williams,8870,Mountain Dew,0,1110,3,2780,0,2629,3,858,3,1024,318,-1.2,-1,5,0.500610571,116,2269.023278,235.8,2197.135437,648.6
265,,Lake Clark,13200,Williams,8810,Mountain Dew,0,10001101,4,1781,0,2300,12,666,4,851,343,0,0,5,0.497489429,420,2216.00828,205.1,1544.676122,741
266,-7.58,Acadia,10300,Campbell,9475,Orange Crush,0,111000,3,2193.672363,0,1985.405396,0,787,3,1263,689,-1.4,-1.5,10,0.60044287,41,3380.159177,236.4,2756.549842,289.7
267,1.84,Acadia,10300,Campbell,8160,Coke,1,10001000,2,616,1,1870,7,569,1,1601,44,5,5,4,0.596281978,37,3426.887418,225.7,2834.186764,247.1
268,24.22,Lake Clark,13600,Williams,8870,Mountain Dew,0,1110,3,2780,0,2629,3,858,3,1024,318,-1.2,-1,5,0.508244392,271,2276.248295,262.4,996.2498269,617.7
269,27.43,Great Basin,12600,Campbell,9185,Orange Crush,1,11011101,4,1325,2,1981,21,1000,2,796,169,1,1,2,0.521181337,309,2690.113975,146.1,1538.691204,446
270,4.31,Mount Rainier,8100,Campbell,8970,Orange Crush,1,10111111,8,619,6,1867,36,856.0322266,2,1252,951,-19.8,-20,4,0.555684381,227,2910.095806,148.8,2736.134359,598.6
271,0.37,Mount Rainier,7800,Campbell,8920,Orange Crush,1,11111111,7,1086,7,1784,34,1206,0,1618,14,-0.5,-0.5,2,0.556269245,54,3200.823486,183.1,2704.069504,759
272,4.33,Mount Rainier,7900,Campbell,8910,Orange Crush,1,11111111,8,1401,7,1775,32,823,1,1015,8,-0.5,-0.5,2,0.55463923,44,3337.386903,198.4,2630.823009,574
273,27.8,Great Basin,12700,Campbell,10575,Coke,1,11111000,1,1018,1,2491,21,1763,0,1791,23,0,0,1,0.521035728,390,2693.826949,278.7,1628.125764,714.8
274,82.85,Great Basin,12600,Campbell,10575,Coke,1,11111000,1,1018,1,2491,21,1763,0,1791,23,0,0,1,0.499371573,473,2460.5397,117.1,1571.429111,635.9
275,1.49,Yellowstone,13600,Campbell,8530,Orange Crush,1,11001101,3,780.9133911,1,1882,7,840,2,1182,308,1.5,1.5,4,0.546975982,67,2401.098446,392.5,1218.33913,326.8
276,5.31,Yellowstone,13500,Campbell,8530,Orange Crush,1,11001101,3,780.9133911,1,1882,7,840,2,1182,308,1.5,1.5,4,0.54542858,168,2770.815544,301.7,1507.649634,499.1
277,8.26,Yellowstone,13600,Campbell,8530,Orange Crush,1,11001101,3,780.9133911,1,1882,7,840,2,1182,308,1.5,1.5,4,0.544233598,256,2583.971528,214.6,1561.060485,420.9
278,44.26,Petrified Forest,12600,Campbell,10415,Coke,1,11100000,2,1251.563354,2,2071,12,1455,0,1490,4,0,0,1,0.497453144,204,2090.504617,226.7,2082.40581,451.1
279,24.84,Mount Rainier,9600,Campbell,8885,Orange Crush,1,11101000,5,1216,1,1947,7,725,4,825,535,1,1,5,0.557633447,48,2780.694513,244.6,1882.284217,994.1
280,62.9,Petrified Forest,10300,Williams,10415,Coke,1,11100000,2,1251.563354,2,2071,12,1455,0,1490,4,0,0,1,0.493733708,56,2241.767857,285.3,2155.205518,676.6
281,64.22,Petrified Forest,12800,Williams,10415,Coke,1,11100000,2,1251.563354,2,2071,12,1455,0,1490,4,0,0,1,0.489859281,301,1975.04237,160.3,1654.048903,751.2
282,31.71,Petrified Forest,10200,Williams,10415,Coke,1,11100000,2,1251.563354,2,2071,12,1455,0,1490,4,0,0,1,0.505681674,133,2395.528511,288.3,2422.351828,376.5
283,40.34,Petrified Forest,10200,Williams,10415,Coke,1,11100000,2,1251.563354,2,2071,12,1455,0,1490,4,0,0,1,0.502375776,189,2302.56621,455.2,2319.878738,830.1
284,67.53,Petrified Forest,12700,Williams,10415,Coke,1,11100000,2,1251.563354,2,2071,12,1455,0,1490,4,0,0,1,0.488599978,386,1997.994967,181.4,1929.637368,497.4
285,4.13,Kings Canyon,15300,Williams,8800,Mountain Dew,0,10001111,5,1594,0,2279,11,856,5,806,305,0,0,5,0.573803395,247,2541.351643,450.3,2025.777345,564.9
286,16.7,Kings Canyon,15300,Campbell,8800,Mountain Dew,0,10001111,5,1594,0,2279,11,856,5,806,305,0,0,5,0.568451351,43,2945.96484,294.8,2364.788103,639.6
287,45.82,Kings Canyon,15300,Williams,8800,Mountain Dew,0,10001111,5,1594,0,2279,11,856,5,806,305,0,0,5,0.556052662,346,2420.850104,453.7,2450.138653,390.2
288,21.19,Great Basin,13000,Campbell,10255,Coke,1,11111000,2,772,2,2366,27,1748,0,1748,24,0,0,1,0.555890747,75,2848.074967,169.7,2566.20147,701
289,6.93,Everglades,10300,Campbell,8280,Orange Crush,1,10011111,5,938,3,2038,23,708,2,1546,230,-2.8,-1,6,0.513621806,205,2680.928249,213,2614.600416,641.7
290,-11.64,Great Basin,13000,Campbell,10255,Coke,1,11111000,2,772,2,2366,27,1748,0,1748,24,0,0,1,0.569606335,156,2965.636783,156.3,2945.865871,428.1
291,89.05,Everglades,10300,Campbell,9180,Orange Crush,1,11011111,6,595,5,1940,33,820.163208,1,867,835,0,0,1,0.480995633,67,2426.467749,210.1,2079.290404,559
292,71.44,Great Basin,11800,Campbell,8490,Orange Crush,1,11111111,8,1801,6,1776,26,820,2,1124,9,0.7,1,3,0.534897499,252,2531.114675,151.8,2224.430535,662
293,27.28,Everglades,10300,Campbell,10295,Coke,1,1111000,1,1665,0,2171,18,818,1,829,0,0,0,1,0.505849813,302,2616.979761,237.4,2395.782663,479.6
294,44.92,Everglades,10300,Campbell,8250,Orange Crush,1,11011111,8,2579,3,2026,19,846,5,1543,276,4.7,2,12,0.499112812,369,2526.315152,270.9,2494.963763,565.2
295,35.52,Everglades,10300,Williams,9180,Orange Crush,1,11011111,6,595,5,1940,33,820.163208,1,867,835,0,0,1,0.501386052,222,2580.918415,223.8,2395.248211,661.3
296,53.86,Sequoia,7600,Williams,8450,Orange Crush,0,11000001,3,2481,0,2708,3,651,3,1161,352,0.7,1,7,0.522166364,90,2489.949673,208.8,2536.835745,607.4
297,22.48,Canyonlands,15400,Campbell,8335,Mountain Dew,0,10001001,2,2746,0,2678,4,562,2,1556,21,7.1,16,7,0.530085303,81,2189.009027,269,1269.687988,629.7
298,35.46,Canyonlands,15400,Campbell,8335,Mountain Dew,0,10001001,2,2746,0,2678,4,562,2,1556,21,7.1,16,7,0.524909284,180,1971.769373,282,845.3371297,408.2
299,18.04,Canyonlands,15400,Campbell,8335,Mountain Dew,0,10001001,2,2746,0,2678,4,562,2,1556,21,7.1,16,7,0.531855836,268,2068.565102,280.1,695.83793,299.4
300,-4.78,Petrified Forest,15100,Campbell,8445,Mountain Dew,0,10001101,4,2277.901367,0,1875.880249,0,810,4,821,308,0,0,5,0.49136987,66,2436.730435,222.2,1899.344348,637.9
301,48.35,Petrified Forest,15200,Williams,8440,Mountain Dew,0,10000001,2,2370.287109,0,1797.13501,0,852,2,1311,314,1.2,1,5,0.470620779,63,2457.795237,288.6,1992.997284,962.8
302,58.35,Petrified Forest,15000,Williams,8445,Mountain Dew,0,10001101,4,2277.901367,0,1875.880249,0,810,4,821,308,0,0,5,0.468503159,159,2241.876345,227.7,1698.000908,563.6
303,40.1,Petrified Forest,15000,Williams,8440,Mountain Dew,0,10000001,2,2370.287109,0,1797.13501,0,852,2,1311,314,1.2,1,5,0.47359954,140,2386.939138,200.7,2288.120062,523.7
304,15.32,Petrified Forest,15000,Williams,8445,Mountain Dew,0,10001101,4,2277.901367,0,1875.880249,0,810,4,821,308,0,0,5,0.484089323,267,2540.766233,230,1784.032197,669.1
305,6.63,Sequoia,15600,Campbell,8450,Orange Crush,0,11000001,3,2481,0,2708,3,651,3,1161,352,0.7,1,7,0.528331752,62,3037.413451,141.2,2887.576283,652.3
306,55,Mount Rainier,16600,Williams,9465,Orange Crush,1,11111001,6,1066,2,2027,20,800,4,1555,631,12.9,22,15,0.527794988,189,3085.054913,231.1,2688.717968,386.9
307,50.44,Petrified Forest,15100,Williams,8440,Mountain Dew,0,10000001,2,2370.287109,0,1797.13501,0,852,2,1311,314,1.2,1,5,0.469866159,288,2417.846164,201.5,1946.511574,613.9
308,69.27,Mount Rainier,16600,Campbell,9465,Orange Crush,1,11111001,6,1066,2,2027,20,800,4,1555,631,12.9,22,15,0.520210586,130,2939.106995,246,2116.195991,529.5
309,14.12,Mount Rainier,16500,Williams,9465,Orange Crush,1,11111001,6,1066,2,2027,20,800,4,1555,631,12.9,22,15,0.542580394,272,3243.973159,362.3,2269.934221,700.8
310,49.09,Big Bend,10300,Campbell,10040,Coke,1,11111101,2,1468,1,2520,24,697,1,1433,12,16.7,25,3,0.567692327,304,2576.607895,172,1669.167595,799.4
311,27.6,Big Bend,10300,Campbell,10025,Coke,1,11111001,3,1397,2,2257,20,720,1,1913,15,-16.7,-25,3,0.577057303,420,3564.462932,2145.8,1711.648042,673.1
312,19.7,Big Bend,10300,Campbell,10030,Coke,1,11111011,2,1419,1,2221,20,720,1,1433,12,-16.7,-25,3,0.580499989,431,2752.443301,194.1,1687.591143,541.1
313,7.44,Acadia,10000,Campbell,8160,Coke,1,10001000,2,616,1,1870,7,569,1,1601,44,5,5,4,0.567118068,126,3344.959992,198.1,2437.362986,440.8
314,58.71,Grand Teton,7600,Campbell,10665,Coke,1,11111000,2,1012,1,2390,25,866,1,2114,1595,-27.3,-41,6,0.507677464,49,2601.023124,153.4,2403.99092,784.6
315,39.6,Grand Teton,7800,Campbell,8420,Orange Crush,1,11001111,5,2570,1,2339,23,304,4,1401,635,-1.5,-1,13,0.51518029,131,2499.870135,149.5,1779.067449,881.3
316,65.98,Grand Teton,7800,Campbell,8440,Orange Crush,1,11001111,4,1426,3,2206,27,571.7089233,1,417,258,0,0,1,0.504823171,171,2521.704779,183.5,1900.088888,727.8
317,24.23,Everglades,15600,Williams,8790,Mountain Dew,0,10001001,4,930,1,2421,8,872,3,1182,311,1.2,1,5,0.497105243,91,2608.988542,267.1,2300.207811,683.9
318,5.61,Great Sand Dunes,14400,Campbell,9320,Orange Crush,0,11111000,5,2119.584961,0,1961.406494,0,736,5,1570,568,-4.8,14,19,0.566336185,119,3301.25279,388.2,2736.395575,562
319,-10.63,Great Sand Dunes,15300,Campbell,9320,Orange Crush,0,11111000,5,2119.584961,0,1961.406494,0,736,5,1570,568,-4.8,14,19,0.575894236,423,3170.934229,260.6,2693.813374,573.7
320,38.08,Everglades,15600,Williams,9485,Mountain Dew,1,11111110,6,1339.984375,2,1915,5,831,4,1762,286,-19.7,-30,13,0.491919087,174,2556.699361,195.6,2494.365764,642.8
321,,Acadia,10100,Campbell,8160,Coke,1,10001000,2,616,1,1870,7,569,1,1601,44,5,5,4,0.574595356,328,3560.694259,289.6,2930.985972,523.6
322,24.65,Everglades,15600,Williams,8870,Mountain Dew,0,1110,3,2780,0,2629,3,858,3,1024,318,-1.2,-1,5,0.496947973,234,2626.137461,881.4,2492.693397,532.6
323,13.46,Yosemite,10300,Williams,8160,Coke,1,10001000,2,616,1,1870,7,569,1,1601,44,5,5,4,0.551499067,142,2459.688457,208.3,2144.941593,623.3
324,3.55,Guadalupe Mountains,15300,Campbell,9115,Orange Crush,1,11111100,5,1454,4,1933,22,1040,1,1377,776,0.3,0.5,4,0.558487803,75,3424.968388,148.3,3046.566356,527.5
325,2.86,Great Smoky Mountains,10300,Campbell,7820,Orange Crush,1,10001111,4,878,2,2146,20,1015.56012,2,721,704,-0.5,-0.5,2,0.523480475,64,3033.434898,246.4,2767.646172,566.1
326,-12.69,Great Basin,12700,Campbell,9250,Pibb Extra,1,11011001,8,915,3,1910,9,283,5,565,230,0,0,5,0.56427,176,2930.4,142.7,2797.3,746.3
327,-6.8,Great Basin,10300,Campbell,9250,Pibb Extra,1,11011001,8,915,3,1910,9,283,5,565,230,0,0,5,0.568211579,51,2853.885895,413,2973.888742,749.2
328,17.82,Great Basin,12900,Campbell,9250,Pibb Extra,1,11011001,8,915,3,1910,9,283,5,565,230,0,0,5,0.551652783,266,2840.058261,163.8,2764.23913,985.4
329,6.86,Guadalupe Mountains,15400,Campbell,9115,Orange Crush,1,11111100,5,1454,4,1933,22,1040,1,1377,776,0.3,0.5,4,0.557116681,223,3414.087611,220.5,3055.667257,387.7
330,2.5,Great Basin,10100,Campbell,9250,Pibb Extra,1,11011001,8,915,3,1910,9,283,5,565,230,0,0,5,0.564321968,158,3140.505725,242.6,2877.810012,816.5
331,2.13,Great Basin,10200,Campbell,9250,Pibb Extra,1,11011001,8,915,3,1910,9,283,5,565,230,0,0,5,0.558141283,339,2873.946195,193.7,2550.788826,861.8
332,30.86,Great Smoky Mountains,10300,Young,9895,Coke,1,11111000,3,285,2,2335,29,871,1,876,9,0,0,1,0.51261445,296,2937.778684,223.9,2642.348057,748.3
333,-0.78,Great Basin,10300,Campbell,9250,Pibb Extra,1,11011001,8,915,3,1910,9,283,5,565,230,0,0,5,0.565693788,227,2959.448773,145.2,2590.599346,843.5
334,24.22,Yosemite,10300,Williams,8160,Coke,1,10001000,2,616,1,1870,7,569,1,1601,44,5,5,4,0.552479532,42,2838.529611,748.5,2302.328134,698
335,5.66,Guadalupe Mountains,15300,Campbell,8160,Coke,1,10001000,2,616,1,1870,7,569,1,1601,44,5,5,4,0.557613765,368,3553.95075,205.8,3150.969604,389.4
336,2.51,Sequoia,10300,Campbell,9085,Orange Crush,0,11110101,7,2075.80127,0,1972.492798,0,624,7,1593,610,-0.3,-2,21,0.526523549,40,3141.537437,235.4,2888.534937,389.9
337,20,Yosemite,10300,Williams,8160,Coke,1,10001000,2,616,1,1870,7,569,1,1601,44,5,5,4,0.554235728,119,2970.618007,256.7,2431.078199,733.4
338,5.16,Sequoia,10300,Campbell,9085,Orange Crush,0,11110101,7,2075.80127,0,1972.492798,0,624,7,1593,610,-0.3,-2,21,0.525489448,111,3258.339746,303.3,2699.552713,269.6
339,37.6,Sequoia,10300,Campbell,9085,Orange Crush,0,11110101,7,2075.80127,0,1972.492798,0,624,7,1593,610,-0.3,-2,21,0.512830484,155,3247.780777,333,2846.921185,229.7
340,24.61,Denali,10300,Williams,10245,Coke,1,11111000,0,1225,0,2533,34,1361,0,1401,14,0,0,1,0.545678801,43,2527.246172,644.1,2177.977414,778.2
341,13.59,Denali,10300,Williams,10245,Coke,1,11111000,0,1225,0,2533,34,1361,0,1401,14,0,0,1,0.550209764,124,2557.76257,150,2405.186841,770.4
342,10.3,Grand Teton,15700,Young,9480,Orange Crush,1,11011111,5,921,2,2144,40,880,3,1072,340,1.2,1,5,0.520696448,49,2503.979561,175.2,2432.650212,399.6
343,75.63,Grand Teton,15700,Young,9480,Orange Crush,1,11011111,5,921,2,2144,40,880,3,1072,340,1.2,1,5,0.495240451,59,2302.201062,174.7,2088.177345,374.5
344,62.6,Grand Teton,15800,Young,9480,Orange Crush,1,11011111,5,921,2,2144,40,880,3,1072,340,1.2,1,5,0.50039624,150,2549.867003,173.1,2577.422493,422.2
345,,Acadia,10200,Campbell,8160,Coke,1,10001000,2,616,1,1870,7,569,1,1601,44,5,5,4,0.617175215,376,3216.094727,232.1712341,2598.995714,820.5
346,5.99,Glacier,18200,Williams,8335,Mountain Dew,0,10001001,2,2746,0,2678,4,562,2,1556,21,7.1,16,7,0.541321313,815,3266.242716,164.7,2844.170027,789.4
347,5.31,Acadia,10300,Campbell,8160,Coke,1,10001000,2,616,1,1870,7,569,1,1601,44,5,5,4,0.611224011,427,2754.731089,367.6,2863.03309,1295.5
348,5.38,Glacier,18200,Williams,8335,Mountain Dew,0,10001001,2,2746,0,2678,4,562,2,1556,21,7.1,16,7,0.541566674,988,3375.251928,857.2,2958.170289,716.9
349,4.09,Grand Canyon,10300,Williams,8350,Orange Crush,0,11001000,3,1348,0,2168,9,650,3,695,313,0.7,1,3,0.56853128,108,2928.200185,238.2,2381.445271,525.2
350,37.96,Grand Canyon,10300,Williams,8350,Orange Crush,0,11001000,3,1348,0,2168,9,650,3,695,313,0.7,1,3,0.554243067,114,2747.262178,217.9,2309.826087,653.4
353,68.21,Mount Rainier,7700,Williams,10365,Coke,1,11111000,4,1508,3,2213,35,1000,1,1000,10,0,0,1,0.512639804,245,3056.211966,212,2032.922355,533.8
354,29.18,Mount Rainier,7700,Williams,10300,Coke,1,11111000,3,1266.686035,3,1923,24,1301,0,1302,12,0,0,1,0.530874004,315,2969.985594,230.1,1821.549742,314.5
356,30.42,Mount Rainier,7700,Williams,10355,Coke,1,11111001,3,2854,3,2151,47,1492,0,1492,11,0,0,1,0.530376286,355,2966.579531,158.1,1818.19282,360.6
