,Well ID,Avg Pump Difference,Lateral Length,TVD,DELAYED,PARENT_CODEV_1050_WELL_COUNT,PARENT_IN_ZONE_MIN_HYPOT,PARENT_1050_WELL_COUNT,PARENT_3000_AVG_HYPOT_DIST,PARENT_3000_WELL_COUNT,CODEV_IN_ZONE_MIN_HYPOT,CODEV_1050_WELL_COUNT,CODEV_3000_AVG_HYPOT_DIST,CODEV_3000_AVG_TVD_DIST,CODEV_3000_AVG_WELL_AGE,CODEV_3000_MEDIAN_WELL_AGE,CODEV_3000_WELL_COUNT,Pressure Gradient (psi/ft) new,Soak Time,Avg Open Pressure,SD Open Pressure,Avg Close Pressure,SD Close Pressure,side,above,below,Area_Acadia,Area_Arches,Area_Badlands,Area_Big Bend,Area_Canyonlands,Area_Carlsbad Caverns,Area_Crater Lake,Area_Denali,Area_Dry Tortugas,Area_Everglades,Area_Glacier,Area_Grand Canyon,Area_Grand Teton,Area_Great Basin,Area_Great Sand Dunes,Area_Great Smoky Mountains,Area_Guadalupe Mountains,Area_Hot Springs,Area_Joshua Tree,Area_Kings Canyon,Area_Lake Clark,Area_Mammoth Cave,Area_Mount Rainier,Area_North Cascades,Area_Olympic,Area_Petrified Forest,Area_Redwood,Area_Rocky Mountain,Area_Sequoia,Area_Yellowstone,Area_Yosemite,Fluid System_Campbell,Fluid System_Williams,Fluid System_Young,Development Strategy_Coke,Development Strategy_Dr Pepper,Development Strategy_Mountain Dew,Development Strategy_Orange Crush,Development Strategy_Pepsi,Development Strategy_Pibb Extra,Development Strategy_Sprite
0,1,-0.93,10300,10415.0,1,2,1195.286743,2,2071.0,12,1455.0,0,1490,4,0.0,0.0,1,0.593758088,34,3304.124833,261.7,2719.8984379999997,472.4,1,2,0,1,0,0,0,0,0,0,0,0,0,0,0,0,0,0,0,0,0,0,0,0,0,0,0,0,0,0,0,0,0,0,1,0,0,1,0,0,0,0,0,0
1,2,-8.45,10300,10415.0,1,2,1195.286743,2,2071.0,12,1455.0,0,1490,4,0.0,0.0,1,0.597058903,67,3301.199254,255.9,2934.885325,747.4,1,2,0,1,0,0,0,0,0,0,0,0,0,0,0,0,0,0,0,0,0,0,0,0,0,0,0,0,0,0,0,0,0,0,1,0,0,1,0,0,0,0,0,0
2,3,8.7,11000,8470.0,0,6,2882.384033,0,2492.0,6,1783.0,6,1165,682,4.5,0.0,11,0.516873265,34,2774.40708,184.8,1589.948673,596.9,1,1,3,0,1,0,0,0,0,0,0,0,0,0,0,0,0,0,0,0,0,0,0,0,0,0,0,0,0,0,0,0,0,0,1,0,0,0,0,0,1,0,0,0
3,4,,11000,10555.0,1,1,1059.5688480000001,0,2378.0,20,1000.0,1,1000,4,0.0,0.0,1,0.501287232,30,2653.5394149999997,206.7,1304.1628779999999,551.5,1,3,0,0,1,0,0,0,0,0,0,0,0,0,0,0,0,0,0,0,0,0,0,0,0,0,0,0,0,0,0,0,0,0,1,0,0,1,0,0,0,0,0,0
4,6,-4.34,12300,10355.0,1,0,2763.0,0,2464.0,13,1760.0,0,2077,1410,21.5,28.5,4,0.565199923,21,2963.567911,232.0,2063.4086190000003,517.8,1,3,0,0,0,0,1,0,0,0,0,0,0,0,0,0,0,0,0,0,0,0,0,0,0,0,0,0,0,0,0,0,0,0,1,0,0,1,0,0,0,0,0,0
5,7,0.54,12600,8120.0,1,4,586.3224487000001,2,1570.0,12,600.0,2,694,177,-0.7,-1.0,3,0.561294383,34,2814.617107,296.9,2330.9391379999997,471.2,2,1,3,0,0,0,1,0,0,0,0,0,0,0,0,0,0,0,0,0,0,0,0,0,0,0,0,0,0,0,0,0,0,0,1,0,0,0,0,0,1,0,0,0
6,8,66.52,11000,10560.0,1,2,1016.0,1,2124.0,32,859.0,1,1359,29,-0.5,-0.5,2,0.493533848,135,2697.57656,222.9,1975.7449789999998,707.7,2,3,0,0,1,0,0,0,0,0,0,0,0,0,0,0,0,0,0,0,0,0,0,0,0,0,0,0,0,0,0,0,0,0,1,0,0,1,0,0,0,0,0,0
7,9,3.39,12900,10345.0,1,1,1010.0,1,2341.0,17,1584.0,0,1606,36,0.0,0.0,1,0.56011052,227,2892.427934,248.5,2235.44895,698.1,2,3,0,0,0,0,1,0,0,0,0,0,0,0,0,0,0,0,0,0,0,0,0,0,0,0,0,0,0,0,0,0,0,0,1,0,0,1,0,0,0,0,0,0
8,10,13.78,10000,8335.0,0,2,2746.0,0,2678.0,4,562.0,2,1556,21,7.1,16.0,7,0.540762005,21,2763.612613,159.2,1671.514259,287.2,2,0,1,0,0,0,0,1,0,0,0,0,0,0,0,0,0,0,0,0,0,0,0,0,0,0,0,0,0,0,0,0,0,0,1,0,0,0,0,1,0,0,0,0
9,11,56.25,10000,8335.0,0,2,2746.0,0,2678.0,4,562.0,2,1556,21,7.1,16.0,7,0.523597524,26,2525.493936,165.6,1097.263009,323.3,2,0,1,0,0,0,0,1,0,0,0,0,0,0,0,0,0,0,0,0,0,0,0,0,0,0,0,0,0,0,0,0,0,0,1,0,0,0,0,1,0,0,0,0
10,12,65.88,10000,8335.0,0,2,2746.0,0,2678.0,4,562.0,2,1556,21,7.1,16.0,7,0.5197055070000001,106,2434.963424,319.7,1341.334898,392.3,2,0,1,0,0,0,0,1,0,0,0,0,0,0,0,0,0,0,0,0,0,0,0,0,0,0,0,0,0,0,0,0,0,0,1,0,0,0,0,1,0,0,0,0
11,13,75.57,10100,9090.0,0,5,2727.0,0,2542.0,4,914.0,5,1062,575,-2.1,-0.5,10,0.519913983,47,2446.081885,117.9,2222.396037,650.1,1,3,2,0,0,0,0,1,0,0,0,0,0,0,0,0,0,0,0,0,0,0,0,0,0,0,0,0,0,0,0,0,0,0,1,0,0,0,0,0,1,0,0,0
12,14,43.66,10100,9090.0,0,5,2727.0,0,2542.0,4,914.0,5,1062,575,-2.1,-0.5,10,0.532913717,120,2701.389381,267.6,1665.823009,561.6,1,3,2,0,0,0,0,1,0,0,0,0,0,0,0,0,0,0,0,0,0,0,0,0,0,0,0,0,0,0,0,0,0,0,1,0,0,0,0,0,1,0,0,0
13,15,66.63,10100,9090.0,0,5,2727.0,0,2542.0,4,914.0,5,1062,575,-2.1,-0.5,10,0.523556027,92,2520.1057100000003,145.4,2054.614706,700.4,1,3,2,0,0,0,0,1,0,0,0,0,0,0,0,0,0,0,0,0,0,0,0,0,0,0,0,0,0,0,0,0,0,0,1,0,0,0,0,0,1,0,0,0
14,16,80.58,10100,8335.0,0,2,2746.0,0,2678.0,4,562.0,2,1556,21,7.1,16.0,7,0.47708093799999995,30,2150.105179,218.2,995.6670335000001,566.6,2,0,1,0,0,0,0,0,1,0,0,0,0,0,0,0,0,0,0,0,0,0,0,0,0,0,0,0,0,0,0,0,0,0,0,0,1,0,0,1,0,0,0,0
15,17,92.39,10100,8335.0,0,2,2746.0,0,2678.0,4,562.0,2,1556,21,7.1,16.0,7,0.472648666,25,2046.380523,232.0,1160.647734,715.4,2,0,1,0,0,0,0,0,1,0,0,0,0,0,0,0,0,0,0,0,0,0,0,0,0,0,0,0,0,0,0,0,0,0,0,0,1,0,0,1,0,0,0,0
16,18,42.91,10100,8335.0,0,2,2746.0,0,2678.0,4,562.0,2,1556,21,7.1,16.0,7,0.5265716429999999,34,2405.210273,946.2,890.668334,311.3,2,0,1,0,0,0,0,1,0,0,0,0,0,0,0,0,0,0,0,0,0,0,0,0,0,0,0,0,0,0,0,0,0,0,1,0,0,0,0,1,0,0,0,0
17,19,5.23,9400,8335.0,0,2,2746.0,0,2678.0,4,562.0,2,1556,21,7.1,16.0,7,0.54173063,35,2565.229027,242.7,1148.561993,253.0,2,0,1,0,0,0,0,1,0,0,0,0,0,0,0,0,0,0,0,0,0,0,0,0,0,0,0,0,0,0,0,0,0,0,1,0,0,0,0,1,0,0,0,0
18,20,39.6,10100,8335.0,0,2,2746.0,0,2678.0,4,562.0,2,1556,21,7.1,16.0,7,0.527903284,97,2318.3950600000003,166.0,1121.475183,369.5,2,0,1,0,0,0,0,1,0,0,0,0,0,0,0,0,0,0,0,0,0,0,0,0,0,0,0,0,0,0,0,0,0,0,1,0,0,0,0,1,0,0,0,0
19,22,-1.48,12700,8005.0,1,4,899.0,3,1482.0,7,797.0,1,1734,180,30.8,50.0,5,0.5489080270000001,27,2634.323963,161.4,1919.7108039999998,225.3,2,2,0,0,0,0,0,0,0,1,0,0,0,0,0,0,0,0,0,0,0,0,0,0,0,0,0,0,0,0,0,0,0,0,1,0,0,0,0,1,0,0,0,0
20,23,1.96,12800,8020.0,1,1,1268.0,0,2586.0,16,910.0,1,914,12,0.0,0.0,1,0.548135939,24,2646.22424,144.6,2127.969411,226.2,2,3,0,0,0,0,0,0,0,1,0,0,0,0,0,0,0,0,0,0,0,0,0,0,0,0,0,0,0,0,0,0,0,0,1,0,0,1,0,0,0,0,0,0
21,24,24.21,12800,8035.0,1,4,712.0,3,1553.0,9,704.0,1,1719,156,16.3,0.0,3,0.538487713,97,2704.208252,223.5903015,2075.985764,185.1,2,1,0,0,0,0,0,0,0,1,0,0,0,0,0,0,0,0,0,0,0,0,0,0,0,0,0,0,0,0,0,0,0,0,1,0,0,0,0,1,0,0,0,0
22,25,-0.16,10300,10250.0,1,0,1456.1761470000001,0,2382.0,10,1440.0,0,1440,3,0.0,0.0,1,0.559608477,151,2889.833674,265.1,1210.401539,887.1,1,2,0,0,0,0,0,0,0,0,1,0,0,0,0,0,0,0,0,0,0,0,0,0,0,0,0,0,0,0,0,0,0,0,1,0,0,1,0,0,0,0,0,0
23,26,6.03,12800,9295.0,1,4,1832.0,2,1829.0,9,542.0,2,586,277,1.0,1.0,2,0.52199256,203,3579.913367,193.1,2522.649904,523.9,2,0,2,0,0,0,0,0,0,0,0,1,0,0,0,0,0,0,0,0,0,0,0,0,0,0,0,0,0,0,0,0,0,0,0,1,0,0,0,1,0,0,0,0
24,27,-5.8,10600,10265.0,1,0,1042.490112,0,1834.0,8,1440.0,0,1440,6,0.0,0.0,1,0.5619430329999999,44,3136.3708579999998,199.4,2252.870766,799.0,1,2,0,0,0,0,0,0,0,0,1,0,0,0,0,0,0,0,0,0,0,0,0,0,0,0,0,0,0,0,0,0,0,0,1,0,0,1,0,0,0,0,0,0
25,28,6.66,10300,10250.0,1,0,1456.1761470000001,0,2382.0,10,1440.0,0,1440,3,0.0,0.0,1,0.556785485,209,3087.582724,313.1,1618.171604,577.4,1,2,0,0,0,0,0,0,0,0,1,0,0,0,0,0,0,0,0,0,0,0,0,0,0,0,0,0,0,0,0,0,0,0,1,0,0,1,0,0,0,0,0,0
26,29,117.26,10900,8160.0,1,2,616.0,1,1870.0,7,569.0,1,1601,44,5.0,5.0,4,0.45343500000000003,32,2203.2,155.9,1934.1,678.5,2,0,0,0,0,0,0,0,0,0,0,0,1,0,0,0,0,0,0,0,0,0,0,0,0,0,0,0,0,0,0,0,0,0,0,0,1,1,0,0,0,0,0,0
27,30,43.38,10500,8160.0,1,2,616.0,1,1870.0,7,569.0,1,1601,44,5.0,5.0,4,0.48057076299999996,115,2508.9205460000003,155.3,2411.60484,736.0,2,0,0,0,0,0,0,0,0,0,0,0,1,0,0,0,0,0,0,0,0,0,0,0,0,0,0,0,0,0,0,0,0,0,0,1,0,1,0,0,0,0,0,0
28,31,,10900,8160.0,1,2,616.0,1,1870.0,7,569.0,1,1601,44,5.0,5.0,4,0.489194852,105,2641.403093,182.2,2330.6497879999997,712.4,2,0,0,0,0,0,0,0,0,0,0,0,1,0,0,0,0,0,0,0,0,0,0,0,0,0,0,0,0,0,0,0,0,0,0,1,0,1,0,0,0,0,0,0
29,32,-1.7,10000,8335.0,0,2,2746.0,0,2678.0,4,562.0,2,1556,21,7.1,16.0,7,0.563370555,31,3194.020031,175.6,2330.800646,386.8,2,0,1,0,0,0,0,0,0,0,0,0,0,1,0,0,0,0,0,0,0,0,0,0,0,0,0,0,0,0,0,0,0,0,1,0,0,0,0,1,0,0,0,0
30,33,-2.26,9800,8335.0,0,2,2746.0,0,2678.0,4,562.0,2,1556,21,7.1,16.0,7,0.563603648,37,3329.887249,209.8,2980.856098,595.5,2,0,1,0,0,0,0,0,0,0,0,0,0,1,0,0,0,0,0,0,0,0,0,0,0,0,0,0,0,0,0,0,0,0,1,0,0,0,0,1,0,0,0,0
31,34,-2.68,9700,8335.0,0,2,2746.0,0,2678.0,4,562.0,2,1556,21,7.1,16.0,7,0.563778467,96,3327.5346210000002,164.0,3149.661193,555.0,2,0,1,0,0,0,0,0,0,0,0,0,0,1,0,0,0,0,0,0,0,0,0,0,0,0,0,0,0,0,0,0,0,0,1,0,0,0,0,1,0,0,0,0
32,35,-1.31,9600,8160.0,1,2,616.0,1,1870.0,7,569.0,1,1601,44,5.0,5.0,4,0.496985182,39,2829.617284,234.5,2608.790227,535.0,2,0,0,0,0,0,0,0,0,0,0,0,1,0,0,0,0,0,0,0,0,0,0,0,0,0,0,0,0,0,0,0,0,0,0,1,0,1,0,0,0,0,0,0
33,36,22.29,11900,8160.0,1,2,616.0,1,1870.0,7,569.0,1,1601,44,5.0,5.0,4,0.560853528,47,2895.7817010000003,154.3,2045.2504420000002,364.2,2,0,0,0,0,0,0,0,0,0,0,0,0,0,1,0,0,0,0,0,0,0,0,0,0,0,0,0,0,0,0,0,0,0,0,1,0,1,0,0,0,0,0,0
34,37,2.02,10100,8160.0,1,2,616.0,1,1870.0,7,569.0,1,1601,44,5.0,5.0,4,0.49576208899999996,102,2862.54691,211.7,2273.230704,694.7,2,0,0,0,0,0,0,0,0,0,0,0,1,0,0,0,0,0,0,0,0,0,0,0,0,0,0,0,0,0,0,0,0,0,0,1,0,1,0,0,0,0,0,0
35,38,-1.6,9800,8160.0,1,2,616.0,1,1870.0,7,569.0,1,1601,44,5.0,5.0,4,0.49709169700000005,101,2900.09162,158.9,2282.820439,710.3,2,0,0,0,0,0,0,0,0,0,0,0,1,0,0,0,0,0,0,0,0,0,0,0,0,0,0,0,0,0,0,0,0,0,0,1,0,1,0,0,0,0,0,0
36,39,35.92,12100,8160.0,1,2,616.0,1,1870.0,7,569.0,1,1601,44,5.0,5.0,4,0.55510365,124,2679.837799,177.3,1772.5476489999999,308.3,2,0,0,0,0,0,0,0,0,0,0,0,0,0,1,0,0,0,0,0,0,0,0,0,0,0,0,0,0,0,0,0,0,0,0,1,0,1,0,0,0,0,0,0
37,40,5.66,7600,9475.0,0,3,2192.996338,0,2158.0151370000003,0,787.0,3,1263,689,-1.4,-1.5,10,0.5751201229999999,59,3182.050596,138.9,2574.363601,548.0,1,2,0,0,0,0,0,0,0,0,0,0,0,0,1,0,0,0,0,0,0,0,0,0,0,0,0,0,0,0,0,0,0,0,1,0,0,0,0,0,1,0,0,0
38,41,22.17,12600,10675.0,1,1,1352.0,0,2468.0,27,1000.0,1,2181,1228,-30.3,-30.5,4,0.493067694,48,3005.113167,133.9,2282.086287,517.5,2,3,0,0,0,0,0,0,0,0,0,0,0,0,0,1,0,0,0,0,0,0,0,0,0,0,0,0,0,0,0,0,0,0,0,1,0,1,0,0,0,0,0,0
39,42,,7600,9475.0,0,3,2192.996338,0,2158.0151370000003,0,787.0,3,1263,689,-1.4,-1.5,10,0.577162336,124,3188.784956,153.3,2573.6893809999997,522.2,1,2,0,0,0,0,0,0,0,0,0,0,0,0,1,0,0,0,0,0,0,0,0,0,0,0,0,0,0,0,0,0,0,0,1,0,0,0,0,0,1,0,0,0
40,43,21.61,12600,10675.0,1,1,1352.0,0,2468.0,27,1000.0,1,2181,1228,-30.3,-30.5,4,0.49327536200000005,120,2971.983301,112.4,2142.592613,376.5,2,3,0,0,0,0,0,0,0,0,0,0,0,0,0,1,0,0,0,0,0,0,0,0,0,0,0,0,0,0,0,0,0,0,0,1,0,1,0,0,0,0,0,0
41,44,29.69,12600,10675.0,1,2,2000.0,0,2514.0,26,1000.0,2,2587,1531,7.1,33.0,9,0.490279015,185,2845.6310120000003,105.7,2129.5667719999997,363.4,2,3,0,0,0,0,0,0,0,0,0,0,0,0,0,1,0,0,0,0,0,0,0,0,0,0,0,0,0,0,0,0,0,0,0,1,0,1,0,0,0,0,0,0
42,45,16.52,9800,10585.0,1,1,2563.0,0,2695.0,31,932.0,1,1763,9,26.7,40.0,3,0.535544531,148,3141.92177,277.2,1392.6584070000001,214.7,2,3,0,0,0,0,0,0,0,0,0,0,0,0,0,0,1,0,0,0,0,0,0,0,0,0,0,0,0,0,0,0,0,0,1,0,0,1,0,0,0,0,0,0
43,46,-2.68,7500,8485.0,1,4,1374.0,2,1870.0,27,1298.0,2,1073,396,1.2,1.0,5,0.5669053589999999,37,3206.060085,141.6,3174.606856,387.9,2,3,3,0,0,0,0,0,0,0,0,0,0,0,0,0,0,1,0,0,0,0,0,0,0,0,0,0,0,0,0,0,0,0,1,0,0,0,0,0,1,0,0,0
44,47,26.71,9800,10580.0,1,1,2501.0,0,2566.0,28,932.0,1,1763,8,-26.7,-40.0,3,0.531457553,216,3011.029665,188.6,1471.735591,235.3,2,3,0,0,0,0,0,0,0,0,0,0,0,0,0,0,1,0,0,0,0,0,0,0,0,0,0,0,0,0,0,0,0,0,1,0,0,1,0,0,0,0,0,0
45,48,34.34,9800,10580.0,1,1,2501.0,0,2566.0,28,932.0,1,1763,8,-26.7,-40.0,3,0.528397333,283,3065.385433,287.3,1447.914205,221.2,2,3,0,0,0,0,0,0,0,0,0,0,0,0,0,0,1,0,0,0,0,0,0,0,0,0,0,0,0,0,0,0,0,0,1,0,0,1,0,0,0,0,0,0
46,49,-0.74,9800,8985.0,1,4,736.0,2,1938.0,18,900.4794922,2,1074,626,0.7,1.0,3,0.599503194,108,2699.694344,1336.6,1388.785071,738.6,2,3,2,0,0,0,1,0,0,0,0,0,0,0,0,0,0,0,0,0,0,0,0,0,0,0,0,0,0,0,0,0,0,0,1,0,0,0,0,0,1,0,0,0
47,50,8.38,9900,8485.0,1,4,701.0,3,1677.0,11,1006.7836300000001,1,566,555,0.0,0.0,1,0.537465379,148,2720.1738210000003,205.0,1779.6427629999998,397.4,2,3,1,0,0,0,0,0,0,0,0,0,0,0,0,0,0,0,1,0,0,0,0,0,0,0,0,0,0,0,0,0,0,0,1,0,0,0,0,0,1,0,0,0
48,51,30.48,9900,8485.0,1,4,701.0,3,1677.0,11,1006.7836300000001,1,566,555,0.0,0.0,1,0.528623678,163,2698.6227089999998,121.6,1642.325348,422.7,2,3,1,0,0,0,0,0,0,0,0,0,0,0,0,0,0,0,1,0,0,0,0,0,0,0,0,0,0,0,0,0,0,0,1,0,0,0,0,0,1,0,0,0
49,52,,7500,8480.0,1,6,2618.0,4,2141.0,15,1297.0,2,995,393,1.2,1.0,5,0.562309728,220,3082.436237,188.3,2862.491012,402.2,1,3,3,0,0,0,0,0,0,0,0,0,0,0,0,0,0,1,0,0,0,0,0,0,0,0,0,0,0,0,0,0,0,0,1,0,0,0,0,0,1,0,0,0
50,53,27.8,10000,8485.0,1,4,701.0,3,1677.0,11,1006.7836300000001,1,566,555,0.0,0.0,1,0.529695884,228,2602.510781,115.7,1705.952043,483.3,2,3,1,0,0,0,0,0,0,0,0,0,0,0,0,0,0,0,1,0,0,0,0,0,0,0,0,0,0,0,0,0,0,0,1,0,0,0,0,0,1,0,0,0
51,54,-3.75,10300,8485.0,1,4,701.0,3,1677.0,11,897.6427612,1,566,555,0.0,0.0,1,0.5283404979999999,358,3051.250581,338.4,2137.722016,435.6,2,3,1,0,0,0,0,0,0,0,0,0,0,0,0,0,0,0,0,1,0,0,0,0,0,0,0,0,0,0,0,0,0,0,0,1,0,0,0,0,1,0,0,0
52,55,-1.36,12700,8275.0,0,2,2261.509277,0,2760.314941,0,846.0,2,1317,291,3.5,3.5,6,0.5781193570000001,157,3144.844132,171.1,2918.588565,1057.2,1,0,2,0,0,0,0,0,0,0,0,0,0,0,0,0,1,0,0,0,0,0,0,0,0,0,0,0,0,0,0,0,0,0,1,0,0,0,0,1,0,0,0,0
53,56,-2.27,12600,10315.0,1,0,2622.0,0,2601.0,36,1757.0,0,1761,4,0.0,0.0,1,0.578508146,164,3139.15703,176.3,2437.8329280000003,741.7,2,3,0,0,0,0,0,0,0,0,0,0,0,0,0,0,1,0,0,0,0,0,0,0,0,0,0,0,0,0,0,0,0,0,1,0,0,1,0,0,0,0,0,0
54,57,7.49,12700,10315.0,1,0,2622.0,0,2601.0,36,1757.0,0,1761,4,0.0,0.0,1,0.574338272,260,3075.345848,147.2,2844.454398,791.7,2,3,0,0,0,0,0,0,0,0,0,0,0,0,0,0,1,0,0,0,0,0,0,0,0,0,0,0,0,0,0,0,0,0,1,0,0,1,0,0,0,0,0,0
55,58,11.63,10200,8985.0,1,4,736.0,2,1938.0,18,651.3717651000001,2,1074,626,0.7,1.0,3,0.543487253,211,3246.15202,144.1,3007.073721,426.5,2,3,2,0,0,0,0,0,0,0,0,0,0,0,0,0,0,0,0,0,1,0,0,0,0,0,0,0,0,0,0,0,0,0,1,0,0,0,0,0,1,0,0,0
56,59,-2.38,10300,9295.0,1,4,1832.0,2,1829.0,9,542.0,2,586,277,1.0,1.0,2,0.538644008,367,3406.343871,157.1,2644.198823,336.7,2,0,2,0,0,0,0,0,0,0,0,0,0,0,0,0,0,0,0,1,0,0,0,0,0,0,0,0,0,0,0,0,0,0,0,1,0,0,0,1,0,0,0,0
57,60,33.8,10300,8985.0,1,4,736.0,2,1938.0,18,651.3717651000001,2,1074,626,0.7,1.0,3,0.5351049529999999,528,3009.242955,124.5,2425.083694,361.8,2,3,2,0,0,0,0,0,0,0,0,0,0,0,0,0,0,0,0,0,1,0,0,0,0,0,0,0,0,0,0,0,0,0,1,0,0,0,0,0,1,0,0,0
58,61,-1.2,10300,8485.0,1,4,701.0,3,1677.0,11,897.6427612,1,566,555,0.0,0.0,1,0.52199256,123,3441.7657560000002,234.3,2362.696429,980.0,2,3,1,0,0,0,0,0,0,0,0,0,0,0,0,0,0,0,0,1,0,0,0,0,0,0,0,0,0,0,0,0,0,0,0,1,0,0,0,0,1,0,0,0
59,62,1.58,10100,8650.0,1,6,710.227356,6,1679.0,19,1200.0,0,1217,4,0.0,0.0,1,0.560550671,15,3545.666018,170.7,2878.360677,279.1,2,2,3,0,0,0,0,0,0,0,0,0,0,0,1,0,0,0,0,0,0,0,0,0,0,0,0,0,0,0,0,0,0,0,1,0,0,0,0,0,1,0,0,0
60,63,0.1,9900,8650.0,1,6,710.227356,6,1679.0,19,1200.0,0,1217,4,0.0,0.0,1,0.561165108,29,3545.5954909999996,238.5,2777.491166,336.1,2,2,3,0,0,0,0,0,0,0,0,0,0,0,1,0,0,0,0,0,0,0,0,0,0,0,0,0,0,0,0,0,0,0,1,0,0,0,0,0,1,0,0,0
61,64,2.87,8200,8335.0,0,2,2746.0,0,2678.0,4,562.0,2,1556,21,7.1,16.0,7,0.557316247,53,3411.0858789999997,264.4,2875.21182,820.7,2,0,1,0,0,0,0,0,0,0,0,0,0,0,0,0,0,0,0,0,0,1,0,0,0,0,0,0,0,0,0,0,0,0,1,0,0,0,0,1,0,0,0,0
62,65,6.98,7400,8335.0,0,2,2746.0,0,2678.0,4,562.0,2,1556,21,7.1,16.0,7,0.536369705,28,3278.712697,183.6,3035.8847100000003,389.3,2,0,1,0,0,0,0,0,0,0,0,0,0,0,0,0,0,0,0,0,1,0,0,0,0,0,0,0,0,0,0,0,0,0,1,0,0,0,0,1,0,0,0,0
63,66,0.4,7400,8335.0,0,2,2746.0,0,2678.0,4,562.0,2,1556,21,7.1,16.0,7,0.53899411,36,3167.211166,211.0,2956.639677,562.8,2,0,1,0,0,0,0,0,0,0,0,0,0,0,0,0,0,0,0,0,1,0,0,0,0,0,0,0,0,0,0,0,0,0,1,0,0,0,0,1,0,0,0,0
64,67,60.35,7400,8335.0,0,2,2746.0,0,2678.0,4,562.0,2,1556,21,7.1,16.0,7,0.515083309,99,2842.276922,191.0,2334.65693,453.8,2,0,1,0,0,0,0,0,0,0,0,0,0,0,0,0,0,0,0,0,1,0,0,0,0,0,0,0,0,0,0,0,0,0,1,0,0,0,0,1,0,0,0,0
65,68,26.48,8200,9495.0,1,6,892.0,2,1947.0,8,864.0,4,1389,602,0.9,1.5,14,0.547561566,132,3391.5512270000004,207.3,2901.8453329999998,756.3,2,2,1,0,0,0,0,0,0,0,0,0,0,0,0,0,0,0,0,0,0,1,0,0,0,0,0,0,0,0,0,0,0,0,1,0,0,0,0,0,1,0,0,0
66,69,25.11,8200,8755.0,0,4,1893.0,0,2340.0,6,858.0,4,682,388,1.5,1.5,4,0.548127593,211,3385.92728,285.2,2977.532359,966.7,2,2,1,0,0,0,0,0,0,0,0,0,0,0,0,0,0,0,0,0,0,1,0,0,0,0,0,0,0,0,0,0,0,0,1,0,0,0,0,0,1,0,0,0
67,70,22.57,10000,8985.0,1,4,736.0,2,1938.0,18,923.6907348999999,2,1074,626,0.7,1.0,3,0.55091589,393,2793.1527739999997,208.9,2435.512097,966.9,2,3,2,0,0,0,0,0,0,0,0,0,0,0,0,0,0,0,0,0,0,0,1,0,0,0,0,0,0,0,0,0,0,0,1,0,0,0,0,0,1,0,0,0
68,71,,9800,10545.0,1,0,1059.0,0,2628.0,24,1672.0,0,1672,17,0.0,0.0,1,0.500517285,62,2888.455078,268.3812866,1554.261093,218.6,2,3,0,0,0,0,0,0,0,0,0,0,0,0,0,0,1,0,0,0,0,0,0,0,0,0,0,0,0,0,0,0,0,0,0,0,1,1,0,0,0,0,0,0
69,72,57.13,10000,10550.0,1,0,2781.0,0,2518.0,18,1763.0,0,1792,23,0.0,0.0,1,0.49972985600000003,136,2903.189111,148.9,1572.188565,274.0,1,3,0,0,0,0,0,0,0,0,0,0,0,0,0,0,1,0,0,0,0,0,0,0,0,0,0,0,0,0,0,0,0,0,0,0,1,1,0,0,0,0,0,0
70,73,24.68,9800,10545.0,1,0,1059.0,0,2628.0,24,1672.0,0,1672,17,0.0,0.0,1,0.512255381,132,3079.502378,458.1,1542.8786460000001,201.4,2,3,0,0,0,0,0,0,0,0,0,0,0,0,0,0,1,0,0,0,0,0,0,0,0,0,0,0,0,0,0,0,0,0,1,0,0,1,0,0,0,0,0,0
71,74,-0.46,9900,8985.0,1,4,736.0,2,1938.0,18,923.6907348999999,2,1074,626,0.7,1.0,3,0.562230068,387,3132.680908,232.1712341,1958.012228,393.3,2,3,2,0,0,0,0,0,0,0,0,0,0,0,0,0,0,0,0,0,0,0,1,0,0,0,0,0,0,0,0,0,0,0,1,0,0,0,0,0,1,0,0,0
72,75,49.95,10400,9070.0,1,3,1286.0,1,2105.0,27,670.0,2,665,388,-0.5,-0.5,2,0.49298422700000005,98,2956.58701,196.5,2377.5134510000003,637.3,2,1,3,0,0,0,0,0,0,0,0,0,0,0,0,0,0,0,0,1,0,0,0,0,0,0,0,0,0,0,0,0,0,0,0,0,1,0,0,0,1,0,0,0
73,76,,9900,8985.0,1,4,736.0,2,1938.0,18,923.6907348999999,2,1074,626,0.7,1.0,3,0.562928571,435,3397.5969600000003,261.9,2263.980877,370.3,2,3,2,0,0,0,0,0,0,0,0,0,0,0,0,0,0,0,0,0,0,0,1,0,0,0,0,0,0,0,0,0,0,0,1,0,0,0,0,0,1,0,0,0
74,77,18.09,9900,8985.0,1,4,736.0,2,1938.0,18,923.6907348999999,2,1074,626,0.7,1.0,3,0.554517436,155,3503.145764,287.0,2588.412089,679.6,2,3,2,0,0,0,0,0,0,0,0,0,0,0,0,0,0,0,0,0,0,0,1,0,0,0,0,0,0,0,0,0,0,0,1,0,0,0,0,0,1,0,0,0
75,78,26.83,10000,8985.0,1,4,736.0,2,1938.0,18,923.6907348999999,2,1074,626,0.7,1.0,3,0.553024696,113,3340.95279,198.0,2544.943509,409.5,2,3,2,0,0,0,0,0,0,0,0,0,0,0,0,0,0,0,0,0,0,0,1,0,0,0,0,0,0,0,0,0,0,0,1,0,0,0,0,0,1,0,0,0
76,79,72.63,10600,9070.0,1,3,1286.0,1,2105.0,27,670.0,2,665,388,-0.5,-0.5,2,0.49079390799999995,99,2810.163763,209.0,1716.5150600000002,372.9,2,1,3,0,0,0,0,0,0,0,0,0,0,0,0,0,0,0,0,1,0,0,0,0,0,0,0,0,0,0,0,0,0,0,1,0,0,0,0,0,1,0,0,0
77,80,5.73,9700,10075.0,1,1,2356.0,0,2510.0,26,1021.0,1,1050,5,0.0,0.0,1,0.57073975,35,2688.771443,185.2,2235.4632239999996,441.3,1,3,0,0,0,0,1,0,0,0,0,0,0,0,0,0,0,0,0,0,0,0,0,0,0,0,0,0,0,0,0,0,0,0,1,0,0,1,0,0,0,0,0,0
78,81,5.14,9700,8765.0,0,4,757.0,1,2332.0,4,893.0,3,1294,368,1.2,1.0,5,0.570989915,107,2677.106456,158.3,2569.850589,480.7,2,1,0,0,0,0,1,0,0,0,0,0,0,0,0,0,0,0,0,0,0,0,0,0,0,0,0,0,0,0,0,0,0,0,1,0,0,0,0,1,0,0,0,0
79,82,1.47,10200,8175.0,1,7,1157.0,6,2009.0,26,1344.0,1,958,175,0.7,1.0,3,0.518512647,50,2983.398776,182.9,2805.4946210000003,556.9,2,1,3,0,0,0,0,0,0,0,0,0,0,0,0,0,0,0,0,0,0,0,1,0,0,0,0,0,0,0,0,0,0,0,1,0,0,0,0,0,1,0,0,0
80,83,86.53,10200,8175.0,1,7,1157.0,6,2009.0,26,1344.0,1,958,175,0.7,1.0,3,0.485850131,48,2585.168365,198.1,2318.978438,617.4,2,1,3,0,0,0,0,0,0,0,0,0,0,0,0,0,0,0,0,0,0,0,1,0,0,0,0,0,0,0,0,0,0,0,1,0,0,0,0,0,1,0,0,0
81,84,38.63,10200,8175.0,1,7,1157.0,6,2009.0,26,1344.0,1,958,175,0.7,1.0,3,0.504243436,124,3010.465332,232.1712341,2696.5026629999998,927.1,2,1,3,0,0,0,0,0,0,0,0,0,0,0,0,0,0,0,0,0,0,0,1,0,0,0,0,0,0,0,0,0,0,0,1,0,0,0,0,0,1,0,0,0
82,86,9.41,7400,10175.0,1,1,1432.526855,1,2273.0,20,1249.0,0,2641,970,6.7,3.0,9,0.48664321899999996,28,3030.6008079999997,122.8,2894.154482,380.2,2,3,0,0,0,0,0,0,0,0,0,0,0,0,0,0,0,0,0,0,0,0,1,0,0,0,0,0,0,0,0,0,0,0,1,0,0,1,0,0,0,0,0,0
83,88,4.52,7500,10175.0,1,1,1432.526855,1,2273.0,20,1249.0,0,2641,970,6.7,3.0,9,0.488415961,88,2960.748549,150.7,2804.015668,481.0,2,3,0,0,0,0,0,0,0,0,0,0,0,0,0,0,0,0,0,0,0,0,1,0,0,0,0,0,0,0,0,0,0,0,1,0,0,1,0,0,0,0,0,0
84,89,15.09,7500,8775.0,1,6,1607.0,4,1791.0,14,696.0,2,721,7,-0.5,-0.5,2,0.484584082,100,3064.953528,205.3,3064.953528,340.1,2,2,0,0,0,0,0,0,0,0,0,0,0,0,0,0,0,0,0,0,0,0,1,0,0,0,0,0,0,0,0,0,0,0,1,0,0,0,0,0,1,0,0,0
85,90,25.29,15300,8985.0,1,4,736.0,2,1938.0,18,937.5639037999999,2,1074,626,0.7,1.0,3,0.503955815,123,3295.453913,241.3,2522.626225,396.5,2,3,2,0,0,0,0,0,0,0,0,0,0,0,0,0,0,0,0,0,0,0,0,0,1,0,0,0,0,0,0,0,0,0,1,0,0,0,0,0,1,0,0,0
86,92,29.13,15300,8985.0,1,4,736.0,2,1938.0,18,937.5639037999999,2,1074,626,0.7,1.0,3,0.501580903,134,3480.775229,225.4,2574.593043,195.1,2,3,2,0,0,0,0,0,0,0,0,0,0,0,0,0,0,0,0,0,0,0,0,0,1,0,0,0,0,0,0,0,0,0,1,0,0,0,0,0,1,0,0,0
87,95,29.48,12400,8330.0,1,5,876.4413452,3,1925.0,18,932.0,2,1340,134,1.5,1.5,4,0.498599038,233,2768.887457,215.6,2371.409781,351.0,2,0,3,0,0,0,0,0,0,0,0,0,0,0,0,0,0,0,0,0,0,0,0,1,0,0,0,0,0,0,0,0,0,0,0,1,0,0,0,0,1,0,0,0
88,96,,10100,8335.0,0,2,2746.0,0,2678.0,4,562.0,2,1556,21,7.1,16.0,7,0.514748458,47,2756.7666489999997,188.4,2073.483878,380.3,2,0,1,0,0,0,0,0,1,0,0,0,0,0,0,0,0,0,0,0,0,0,0,0,0,0,0,0,0,0,0,0,0,0,0,1,0,0,0,1,0,0,0,0
89,97,12.63,10100,8335.0,0,2,2746.0,0,2678.0,4,562.0,2,1556,21,7.1,16.0,7,0.511444884,50,2594.2212,310.2,1890.7575379999998,455.1,2,0,1,0,0,0,0,0,1,0,0,0,0,0,0,0,0,0,0,0,0,0,0,0,0,0,0,0,0,0,0,0,0,0,0,1,0,0,0,1,0,0,0,0
90,98,102.51,12400,10255.0,1,2,772.0,2,2366.0,27,1748.0,0,1748,24,0.0,0.0,1,0.517879525,87,2269.844556,128.3,1693.1564059999998,556.0,2,3,0,0,0,0,0,0,0,0,0,0,0,0,0,0,1,0,0,0,0,0,0,0,0,0,0,0,0,0,0,0,0,0,0,0,1,1,0,0,0,0,0,0
91,99,92.25,12400,10255.0,1,2,772.0,2,2366.0,27,1748.0,0,1748,24,0.0,0.0,1,0.52494356,89,2377.1995460000003,120.3,1710.870419,523.8,2,3,0,0,0,0,0,0,0,0,0,0,0,0,0,0,1,0,0,0,0,0,0,0,0,0,0,0,0,0,0,0,0,0,0,0,1,1,0,0,0,0,0,0
92,100,6.34,10100,8240.0,0,1,1930.94519,0,2971.0,1,717.0,1,1656,47,-4.8,-5.0,6,0.513847136,107,2730.315121,196.7,1933.7055329999998,426.0,2,0,1,0,0,0,0,0,1,0,0,0,0,0,0,0,0,0,0,0,0,0,0,0,0,0,0,0,0,0,0,0,0,0,0,1,0,1,0,0,0,0,0,0
93,101,6.17,10100,8240.0,0,1,1930.94519,0,2971.0,1,717.0,1,1656,47,-4.8,-5.0,6,0.5139120620000001,120,2575.69115,239.3,2075.5465489999997,527.9,2,0,1,0,0,0,0,0,1,0,0,0,0,0,0,0,0,0,0,0,0,0,0,0,0,0,0,0,0,0,0,0,0,0,0,1,0,1,0,0,0,0,0,0
94,102,7.24,7300,8180.0,0,2,1213.0,0,2194.0,5,578.0,2,1129,26,-1.3,-2.5,4,0.505226105,35,2781.3186530000003,294.9,2295.844348,416.0,2,0,0,0,0,0,0,0,1,0,0,0,0,0,0,0,0,0,0,0,0,0,0,0,0,0,0,0,0,0,0,0,0,0,0,1,0,1,0,0,0,0,0,0
95,103,-4.14,7300,8240.0,0,1,1930.94519,0,2971.0,1,717.0,1,1656,47,-4.8,-5.0,6,0.509502253,34,2906.213082,305.5,2247.58738,363.4,2,0,1,0,0,0,0,0,1,0,0,0,0,0,0,0,0,0,0,0,0,0,0,0,0,0,0,0,0,0,0,0,0,0,0,1,0,1,0,0,0,0,0,0
96,104,26.68,7300,8160.0,1,2,616.0,1,1870.0,7,569.0,1,1601,44,5.0,5.0,4,0.49792133200000005,91,2738.838669,217.1,1984.22885,327.7,2,0,0,0,0,0,0,0,1,0,0,0,0,0,0,0,0,0,0,0,0,0,0,0,0,0,0,0,0,0,0,0,0,0,0,1,0,1,0,0,0,0,0,0
97,105,0.67,10200,9000.0,0,4,2256.3125,0,2128.1801760000003,0,879.0,4,1495,316,0.2,0.0,9,0.5544822079999999,30,3148.721362,291.6,2662.974152,638.3,2,3,0,0,0,0,0,0,0,0,1,0,0,0,0,0,0,0,0,0,0,0,0,0,0,0,0,0,0,0,0,0,0,0,1,0,0,0,0,1,0,0,0,0
98,106,-2.8,9400,10270.0,1,0,577.7485352000001,0,1870.0,8,1440.0,0,1440,6,0.0,0.0,1,0.5559062570000001,54,3202.266903,292.2,2314.917876,609.1,1,2,0,0,0,0,0,0,0,0,1,0,0,0,0,0,0,0,0,0,0,0,0,0,0,0,0,0,0,0,0,0,0,0,1,0,0,1,0,0,0,0,0,0
99,107,55.13,10200,10270.0,1,0,577.7485352000001,0,1870.0,8,1440.0,0,1440,6,0.0,0.0,1,0.532132444,135,2924.140031,309.5,2087.818061,752.4,1,2,0,0,0,0,0,0,0,0,1,0,0,0,0,0,0,0,0,0,0,0,0,0,0,0,0,0,0,0,0,0,0,0,1,0,0,1,0,0,0,0,0,0
100,108,1.51,10100,8530.0,0,4,2096.267578,0,2161.416016,0,959.0,4,1561,331,-5.0,-0.5,10,0.562450063,112,3132.012505,197.9,2839.83509,656.0,1,2,1,0,0,0,0,0,0,0,0,0,0,1,0,0,0,0,0,0,0,0,0,0,0,0,0,0,0,0,0,0,0,0,1,0,0,0,0,0,1,0,0,0
101,109,33.77,10800,8350.0,1,8,1707.0,3,1985.0,24,792.0,5,1304,300,-18.6,-27.5,10,0.48501329200000004,33,2582.552389,153.4,2372.739292,684.7,2,2,3,0,0,0,0,0,0,0,0,0,0,0,0,0,0,0,0,0,0,0,0,1,0,0,0,0,0,0,0,0,0,0,0,1,0,0,0,0,1,0,0,0
102,110,18.72,10300,8500.0,0,5,2055.75,0,2292.501221,0,627.0,5,1221,326,-7.5,-2.5,10,0.553742583,32,3214.919515,215.6,3058.222424,611.8,2,2,1,0,0,0,0,0,0,0,0,0,0,1,0,0,0,0,0,0,0,0,0,0,0,0,0,0,0,0,0,0,0,0,1,0,0,0,0,0,1,0,0,0
103,111,-0.55,9800,8325.0,1,7,872.7144164999999,3,1937.0,19,708.0,4,697,130,0.3,0.5,4,0.5020133929999999,35,2691.456299,232.1712341,2509.734182,626.1,2,1,3,0,0,0,0,0,0,0,0,0,0,0,0,0,0,0,0,0,0,0,0,1,0,0,0,0,0,0,0,0,0,0,0,1,0,0,0,0,1,0,0,0
104,112,14.37,10600,10440.0,1,1,1900.354614,0,2217.0,15,1000.0,1,1000,18,0.0,0.0,1,0.492152253,99,2718.909404,164.0,2123.056545,644.9,1,3,0,0,0,0,0,0,0,0,0,0,0,0,0,0,0,0,0,0,0,0,0,1,0,0,0,0,0,0,0,0,0,0,0,1,0,1,0,0,0,0,0,0
105,113,45.67,10300,8515.0,0,7,2089.91748,0,2033.772339,0,959.0,7,1050,327,-3.9,1.0,10,0.542547808,132,3183.079823,189.3,3091.1533670000003,476.8,2,2,2,0,0,0,0,0,0,0,0,0,0,1,0,0,0,0,0,0,0,0,0,0,0,0,0,0,0,0,0,0,0,0,1,0,0,0,0,0,1,0,0,0
106,114,-0.46,9800,10440.0,1,1,1901.0,0,2213.0,18,1000.0,1,1000,9,0.0,0.0,1,0.501979983,107,2225.376221,236.93545530000003,2879.1753519999997,571.6,2,3,0,0,0,0,0,0,0,0,0,0,0,0,0,0,0,0,0,0,0,0,0,1,0,0,0,0,0,0,0,0,0,0,0,1,0,1,0,0,0,0,0,0
107,115,23.0,10600,10420.0,1,1,1701.175171,0,2270.0,18,1000.0,1,1000,18,0.0,0.0,1,0.488976519,162,2576.100462,198.1,2386.942578,616.2,2,3,0,0,0,0,0,0,0,0,0,0,0,0,0,0,0,0,0,0,0,0,0,1,0,0,0,0,0,0,0,0,0,0,0,1,0,1,0,0,0,0,0,0
108,116,11.92,9800,8375.0,1,8,1000.99646,3,1808.0,16,755.0,5,1479,284,11.6,2.0,12,0.49851845100000003,167,2670.179469,156.0,2619.197522,730.6,2,2,3,0,0,0,0,0,0,0,0,0,0,0,0,0,0,0,0,0,0,0,0,1,0,0,0,0,0,0,0,0,0,0,0,1,0,0,0,0,1,0,0,0
109,117,0.89,15700,8985.0,1,4,736.0,2,1938.0,18,937.5639037999999,2,1074,626,0.7,1.0,3,0.544308289,131,3135.863594,222.0,1958.565871,250.8,2,3,2,0,0,0,0,1,0,0,0,0,0,0,0,0,0,0,0,0,0,0,0,0,0,0,0,0,0,0,0,0,0,0,0,1,0,0,0,0,1,0,0,0
110,118,-2.13,11100,8445.0,1,5,2081.0,4,1948.0,25,1439.0,1,1048,183,0.7,1.0,3,0.522708084,445,2903.3598079999997,154.7,2793.9013010000003,621.5,2,1,3,0,1,0,0,0,0,0,0,0,0,0,0,0,0,0,0,0,0,0,0,0,0,0,0,0,0,0,0,0,0,0,1,0,0,0,0,0,1,0,0,0
111,119,-1.45,9800,8160.0,1,2,616.0,1,1870.0,7,569.0,1,1601,44,5.0,5.0,4,0.551499235,42,3383.440746,176.9,2830.180516,619.8,2,0,0,0,0,0,0,0,0,0,0,0,0,0,0,0,0,0,0,0,1,0,0,0,0,0,0,0,0,0,0,0,0,0,1,0,0,1,0,0,0,0,0,0
112,120,-1.63,10000,8160.0,1,2,616.0,1,1870.0,7,569.0,1,1601,44,5.0,5.0,4,0.5515725929999999,38,3452.534082,254.1,2665.209027,740.3,2,0,0,0,0,0,0,0,0,0,0,0,0,0,0,0,0,0,0,0,1,0,0,0,0,0,0,0,0,0,0,0,0,0,1,0,0,1,0,0,0,0,0,0
113,121,0.25,15600,8985.0,1,4,736.0,2,1938.0,18,937.5639037999999,2,1074,626,0.7,1.0,3,0.544566161,228,3179.7692039999997,209.3,2010.03753,809.2,2,3,2,0,0,0,0,1,0,0,0,0,0,0,0,0,0,0,0,0,0,0,0,0,0,0,0,0,0,0,0,0,0,0,0,1,0,0,0,0,1,0,0,0
114,122,3.63,11800,8985.0,1,4,736.0,2,1938.0,18,923.6907348999999,2,1074,626,0.7,1.0,3,0.595283831,119,2888.209673,172.5,2438.908726,577.7,2,3,2,0,0,0,0,0,0,0,0,0,0,0,0,0,0,0,0,0,0,0,1,0,0,0,0,0,0,0,0,0,0,0,1,0,0,0,0,0,1,0,0,0
115,123,10.28,11200,8445.0,1,5,2081.0,4,1948.0,25,1439.0,1,1048,183,0.7,1.0,3,0.517916936,514,2810.6705660000002,189.1,2379.488149,637.4,2,1,3,0,1,0,0,0,0,0,0,0,0,0,0,0,0,0,0,0,0,0,0,0,0,0,0,0,0,0,0,0,0,0,1,0,0,0,0,0,1,0,0,0
116,124,15.66,15400,8985.0,1,4,736.0,2,1938.0,18,937.5639037999999,2,1074,626,0.7,1.0,3,0.537945825,337,2758.176414,182.7,2054.635437,446.1,2,3,2,0,0,0,0,1,0,0,0,0,0,0,0,0,0,0,0,0,0,0,0,0,0,0,0,0,0,0,0,0,0,0,0,1,0,0,0,0,1,0,0,0
117,125,40.52,10000,8160.0,1,2,616.0,1,1870.0,7,569.0,1,1601,44,5.0,5.0,4,0.534394724,133,3069.592497,251.7,2324.338199,702.7,2,0,0,0,0,0,0,0,0,0,0,0,0,0,0,0,0,0,0,0,1,0,0,0,0,0,0,0,0,0,0,0,0,0,1,0,0,1,0,0,0,0,0,0
118,126,5.25,10100,9205.0,1,6,974.0,5,1863.0,24,579.0,1,928,3,1.0,1.0,2,0.591149071,317,3405.9086729999995,242.3,2287.406549,594.9,2,3,2,0,0,0,1,0,0,0,0,0,0,0,0,0,0,0,0,0,0,0,0,0,0,0,0,0,0,0,0,0,0,0,0,1,0,0,0,0,1,0,0,0
119,127,-5.71,7400,9545.0,1,3,1131.72583,1,1723.0,7,1450.0,2,1004,209,-1.0,-1.0,4,0.510718973,358,3129.436529,137.3,3092.401778,435.3,1,3,2,0,0,0,0,0,0,0,0,0,0,0,0,0,0,0,0,0,0,0,0,0,0,1,0,0,0,0,0,0,0,0,1,0,0,0,0,0,1,0,0,0
120,128,22.28,10200,9205.0,1,6,974.0,5,1863.0,24,579.0,1,928,3,1.0,1.0,2,0.583672645,392,3019.273459,246.6,2491.999092,604.9,2,3,2,0,0,0,1,0,0,0,0,0,0,0,0,0,0,0,0,0,0,0,0,0,0,0,0,0,0,0,0,0,0,0,0,1,0,0,0,0,1,0,0,0
121,129,81.66,10300,8335.0,0,2,2746.0,0,2678.0,4,562.0,2,1556,21,7.1,16.0,7,0.511177664,48,2178.8314739999996,163.6,1487.563294,707.9,2,0,1,0,0,0,0,1,0,0,0,0,0,0,0,0,0,0,0,0,0,0,0,0,0,0,0,0,0,0,0,0,0,0,0,0,1,0,0,1,0,0,0,0
122,130,1.55,7600,9570.0,1,3,1050.56604,1,1578.0,8,1450.0,2,1078,191,0.3,0.5,4,0.510585209,301,3317.264094,198.3,3062.836299,459.5,1,3,1,0,0,0,0,0,0,0,0,0,0,0,0,0,0,0,0,0,0,0,0,0,0,1,0,0,0,0,0,0,0,0,1,0,0,0,0,0,1,0,0,0
123,131,,10200,8860.0,1,11,237.0,6,1769.0,10,388.0,5,598,195,0.0,0.0,5,0.588176939,491,3120.067826,214.9,2437.2211239999997,529.3,2,3,1,0,0,0,1,0,0,0,0,0,0,0,0,0,0,0,0,0,0,0,0,0,0,0,0,0,0,0,0,0,0,0,0,1,0,0,0,1,0,0,0,0
124,132,70.53,10300,8335.0,0,2,2746.0,0,2678.0,4,562.0,2,1556,21,7.1,16.0,7,0.515657072,113,2147.943132,189.7,1531.745871,638.6,2,0,1,0,0,0,0,1,0,0,0,0,0,0,0,0,0,0,0,0,0,0,0,0,0,0,0,0,0,0,0,0,0,0,0,0,1,0,0,1,0,0,0,0
125,133,8.07,7600,10385.0,1,3,1348.0,3,2164.0,32,1366.0,0,2081,1639,-10.0,-13.0,4,0.508119701,383,3156.085533,129.5,3062.097199,919.4,2,3,0,0,0,0,0,0,0,0,0,0,0,0,0,0,0,0,0,0,0,0,0,0,0,1,0,0,0,0,0,0,0,0,1,0,0,1,0,0,0,0,0,0
126,134,0.85,10300,8160.0,1,2,616.0,1,1870.0,7,569.0,1,1601,44,5.0,5.0,4,0.5742643279999999,107,3479.21576,224.5,3024.888888,390.9,2,0,0,1,0,0,0,0,0,0,0,0,0,0,0,0,0,0,0,0,0,0,0,0,0,0,0,0,0,0,0,0,0,0,1,0,0,1,0,0,0,0,0,0
127,135,62.68,10300,8335.0,0,2,2746.0,0,2678.0,4,562.0,2,1556,21,7.1,16.0,7,0.518816402,187,2206.131451,734.0,1571.450458,659.5,2,0,1,0,0,0,0,1,0,0,0,0,0,0,0,0,0,0,0,0,0,0,0,0,0,0,0,0,0,0,0,0,0,0,0,0,1,0,0,1,0,0,0,0
128,136,0.88,10300,8160.0,1,2,616.0,1,1870.0,7,569.0,1,1601,44,5.0,5.0,4,0.574251575,151,3440.218761,202.4,2890.949204,327.6,2,0,0,1,0,0,0,0,0,0,0,0,0,0,0,0,0,0,0,0,0,0,0,0,0,0,0,0,0,0,0,0,0,0,1,0,0,1,0,0,0,0,0,0
129,137,,7300,8920.0,1,3,1217.0,1,1999.0,12,610.0,2,746,400,2.0,2.0,2,0.606818415,38,3148.416568,146.8,3195.0838940000003,1018.0,2,2,0,0,0,0,0,0,0,0,0,1,0,0,0,0,0,0,0,0,0,0,0,0,0,0,0,0,0,0,0,0,0,0,1,0,0,0,0,0,1,0,0,0
130,138,11.23,7300,9315.0,1,7,837.0,4,1923.0,32,784.0,3,1485,751,2.9,-1.0,9,0.60038708,156,3119.387257,152.0,2420.874159,505.6,2,3,1,0,0,0,0,0,0,0,0,1,0,0,0,0,0,0,0,0,0,0,0,0,0,0,0,0,0,0,0,0,0,0,1,0,0,0,0,0,1,0,0,0
131,139,58.05,10500,8870.0,0,3,2780.0,0,2629.0,3,858.0,3,1024,318,-1.2,-1.0,5,0.5024609879999999,101,2485.747411,207.4,2501.6054480000003,676.6,1,0,2,0,0,0,0,0,0,0,0,0,1,0,0,0,0,0,0,0,0,0,0,0,0,0,0,0,0,0,0,0,0,0,0,0,1,0,0,1,0,0,0,0
132,140,67.17,10500,8810.0,0,4,1781.0,0,2300.0,12,666.0,4,851,343,0.0,0.0,5,0.498918962,246,2416.3465100000003,224.1,2168.165348,805.0,2,0,2,0,0,0,0,0,0,0,0,0,1,0,0,0,0,0,0,0,0,0,0,0,0,0,0,0,0,0,0,0,0,0,0,0,1,0,0,1,0,0,0,0
133,141,-1.91,9800,9120.0,1,3,1526.0,2,2045.0,20,796.0,1,814,18,0.0,0.0,1,0.58533376,48,3012.960439,138.8,2625.100015,636.4,2,2,2,0,0,0,0,0,0,0,0,0,0,0,0,0,1,0,0,0,0,0,0,0,0,0,0,0,0,0,0,0,0,0,1,0,0,0,0,0,0,0,0,1
134,142,-0.13,9800,8765.0,1,10,705.0,9,1639.0,30,818.0,1,818,4,0.0,0.0,1,0.582275356,49,2939.421008,193.2,2292.0999850000003,766.5,2,3,2,0,0,0,0,0,0,0,0,0,0,0,0,0,1,0,0,0,0,0,0,0,0,0,0,0,0,0,0,0,0,0,1,0,0,0,0,0,1,0,0,0
135,143,29.05,7400,10085.0,1,0,1489.7948,0,2263.0,20,1147.0,0,1154,6,0.0,0.0,1,0.5391710120000001,171,2725.0843170000003,152.6,1668.609211,502.0,1,3,0,0,0,0,0,0,0,0,0,0,0,0,0,0,0,0,0,0,0,0,0,0,0,0,1,0,0,0,0,0,0,0,1,0,0,1,0,0,0,0,0,0
136,144,33.22,7400,9980.0,1,1,734.0,1,2186.0,18,1703.0,0,1731,1,0.0,0.0,1,0.5374712429999999,220,2703.052235,183.5,1703.5611,550.8,2,3,0,0,0,0,0,0,0,0,0,0,0,0,0,0,0,0,0,0,0,0,0,0,0,0,1,0,0,0,0,0,0,0,1,0,0,1,0,0,0,0,0,0
137,145,-3.13,7300,8455.0,0,5,2119.584961,0,1961.406494,0,1260.0,5,1578,458,1.9,-1.0,14,0.574183679,36,3418.652943,268.0,2803.295414,444.6,1,1,2,0,0,0,0,0,0,0,0,0,0,0,0,0,0,1,0,0,0,0,0,0,0,0,0,0,0,0,0,0,0,0,1,0,0,0,0,0,1,0,0,0
138,146,14.06,12600,9110.0,1,6,1465.0,1,2172.0,17,1011.0,5,1018,597,-0.6,-1.0,7,0.5527959410000001,679,3173.314467,577.2,1813.776337,532.9,2,2,1,0,0,0,0,0,0,0,0,0,0,0,0,0,0,0,0,0,0,0,0,0,0,0,0,1,0,0,0,0,0,0,0,1,0,0,0,0,1,0,0,0
139,147,52.38,11800,8215.0,1,2,1934.0,2,1876.0,10,1320.0,0,1650,14,1.0,1.0,2,0.482264741,39,2383.651435,147.2,1890.7235170000001,673.8,2,0,2,0,0,0,0,0,0,0,0,0,0,0,0,0,0,0,0,0,0,0,0,0,0,0,0,0,1,0,0,0,0,0,0,0,1,0,0,1,0,0,0,0
140,148,-0.56,7300,8535.0,1,3,1620.0,0,2220.0,12,934.2380370999999,3,543,507,0.7,1.0,3,0.5730945679999999,113,3349.964309,143.4,3174.788642,455.8,2,1,2,0,0,0,0,0,0,0,0,0,0,0,0,0,0,1,0,0,0,0,0,0,0,0,0,0,0,0,0,0,0,0,1,0,0,0,0,0,1,0,0,0
141,149,11.31,11800,8215.0,1,2,1934.0,2,1876.0,10,1320.0,0,1650,14,1.0,1.0,2,0.497507574,129,2692.737861,176.5,2094.2335510000003,800.8,2,0,2,0,0,0,0,0,0,0,0,0,0,0,0,0,0,0,0,0,0,0,0,0,0,0,0,0,1,0,0,0,0,0,0,1,0,0,0,1,0,0,0,0
142,150,11.7,11400,9110.0,1,6,1465.0,1,2172.0,17,1011.0,5,1018,597,-0.6,-1.0,7,0.556864871,195,3229.885956,868.2,2429.851705,491.7,2,2,1,0,0,0,0,0,0,0,0,0,0,0,0,0,0,0,0,0,0,0,0,0,0,0,0,1,0,0,0,0,0,0,0,1,0,0,0,0,1,0,0,0
143,151,3.86,9600,7345.0,1,6,637.0,5,1589.0,14,677.0,1,1542,25,17.7,1.0,3,0.548505379,278,2570.272566,109.0,2101.778068,195.8,2,2,2,0,0,0,0,0,0,0,0,0,0,0,0,0,0,0,0,0,0,0,0,0,0,0,0,0,0,1,0,0,0,0,1,0,0,0,0,0,1,0,0,0
144,152,7.71,9600,7345.0,1,6,637.0,5,1589.0,14,677.0,1,1542,25,17.7,1.0,3,0.546938715,342,2553.9619079999998,111.5,2178.882147,177.6,2,2,2,0,0,0,0,0,0,0,0,0,0,0,0,0,0,0,0,0,0,0,0,0,0,0,0,0,0,1,0,0,0,0,1,0,0,0,0,0,1,0,0,0
145,153,-2.47,10200,9475.0,0,3,2193.6723629999997,0,1985.405396,0,787.0,3,1263,689,-1.4,-1.5,10,0.606314397,76,2919.9414620000002,276.5,2657.547911,596.9,1,2,0,1,0,0,0,0,0,0,0,0,0,0,0,0,0,0,0,0,0,0,0,0,0,0,0,0,0,0,0,0,0,0,1,0,0,0,0,0,1,0,0,0
146,154,-0.71,10200,9475.0,0,3,2193.6723629999997,0,1985.405396,0,787.0,3,1263,689,-1.4,-1.5,10,0.6055264260000001,98,2859.6502960000003,280.7,2451.90137,520.2,1,2,0,1,0,0,0,0,0,0,0,0,0,0,0,0,0,0,0,0,0,0,0,0,0,0,0,0,0,0,0,0,0,0,1,0,0,0,0,0,1,0,0,0
147,155,12.44,9600,7345.0,1,6,637.0,5,1589.0,14,677.0,1,1542,25,17.7,1.0,3,0.545013956,376,2499.417045,105.0,1969.8165760000002,226.6,2,2,2,0,0,0,0,0,0,0,0,0,0,0,0,0,0,0,0,0,0,0,0,0,0,0,0,0,0,1,0,0,0,0,1,0,0,0,0,0,1,0,0,0
148,156,5.27,12600,9310.0,1,4,1228.0,2,2248.0,21,844.0,2,1654,611,-2.3,1.0,7,0.5773591060000001,456,3242.812405,153.3,2877.138122,227.0,2,3,1,0,0,0,0,0,0,0,0,1,0,0,0,0,0,0,0,0,0,0,0,0,0,0,0,0,0,0,0,0,0,0,0,1,0,0,0,0,1,0,0,0
149,157,-7.0,9800,8435.0,0,3,2655.0,0,2643.0,2,850.0,3,1149,287,-1.2,-1.0,5,0.561498688,44,2769.57419,130.6,2289.427364,334.0,1,0,2,0,0,0,0,0,0,0,0,0,0,0,0,0,0,0,0,0,0,0,0,0,0,0,0,0,1,0,0,0,0,0,1,0,0,0,0,1,0,0,0,0
150,158,5.71,7500,8985.0,1,4,736.0,2,1938.0,18,814.5766602000001,2,1074,626,0.7,1.0,3,0.494821106,41,2278.3946899999996,249.8,1324.59823,647.2,2,3,2,0,0,0,0,0,1,0,0,0,0,0,0,0,0,0,0,0,0,0,0,0,0,0,0,0,0,0,0,0,0,0,0,1,0,0,0,0,1,0,0,0
151,159,10.62,7500,8985.0,1,4,736.0,2,1938.0,18,814.5766602000001,2,1074,626,0.7,1.0,3,0.49301617600000003,88,2189.968557,190.1,1408.901054,694.5,2,3,2,0,0,0,0,0,1,0,0,0,0,0,0,0,0,0,0,0,0,0,0,0,0,0,0,0,0,0,0,0,0,0,0,1,0,0,0,0,1,0,0,0
152,160,16.97,7500,8985.0,1,4,736.0,2,1938.0,18,814.5766602000001,2,1074,626,0.7,1.0,3,0.49068189700000003,134,2204.64935,191.0,1123.938884,696.4,2,3,2,0,0,0,0,0,1,0,0,0,0,0,0,0,0,0,0,0,0,0,0,0,0,0,0,0,0,0,0,0,0,0,0,1,0,0,0,0,1,0,0,0
153,161,59.23,10000,8475.0,1,5,697.0,2,1801.0,12,880.0,3,1635,322,-0.6,-1.0,7,0.543280909,564,2825.472997,179.4,2453.4919579999996,772.5,2,1,3,0,0,0,0,0,0,0,0,0,0,1,0,0,0,0,0,0,0,0,0,0,0,0,0,0,0,0,0,0,0,0,0,0,1,0,0,1,0,0,0,0
154,162,4.26,10000,9085.0,0,5,2794.0,0,2867.0,5,795.0,5,1703,597,1.8,1.0,24,0.5734369570000001,435,3159.452174,215.0,3048.8391300000003,542.3,2,3,2,0,0,0,0,0,0,0,0,0,0,1,0,0,0,0,0,0,0,0,0,0,0,0,0,0,0,0,0,0,0,0,1,0,0,0,0,0,1,0,0,0
155,163,5.1,9000,10520.0,1,2,2611.0,2,2471.0,41,1134.0,0,1149,23,0.0,0.0,1,0.541161144,38,3480.6526740000004,194.3,3228.586918,333.8,2,3,0,0,0,0,0,0,0,0,0,0,0,0,0,0,0,0,0,0,0,1,0,0,0,0,0,0,0,0,0,0,0,0,1,0,0,1,0,0,0,0,0,0
156,164,12.08,8800,10520.0,1,1,1415.0,1,2391.0,37,1201.0,0,1201,38,0.0,0.0,1,0.538356253,118,3531.8050479999997,135.3,3114.487134,409.8,2,3,0,0,0,0,0,0,0,0,0,0,0,0,0,0,0,0,0,0,0,1,0,0,0,0,0,0,0,0,0,0,0,0,1,0,0,1,0,0,0,0,0,0
157,165,42.28,9000,10520.0,1,1,1415.0,1,2391.0,37,1201.0,0,1201,38,0.0,0.0,1,0.5262204779999999,112,3223.889381,114.0,3042.133097,534.9,2,3,0,0,0,0,0,0,0,0,0,0,0,0,0,0,0,0,0,0,0,1,0,0,0,0,0,0,0,0,0,0,0,0,1,0,0,1,0,0,0,0,0,0
158,166,20.89,10200,9065.0,1,3,1059.0,1,1730.0,9,576.0,2,1382,224,-1.0,-1.0,4,0.5051153629999999,29,3272.8506190000003,186.2,2823.121947,723.1,2,1,2,0,0,1,0,0,0,0,0,0,0,0,0,0,0,0,0,0,0,0,0,0,0,0,0,0,0,0,0,0,0,0,0,0,1,0,0,1,0,0,0,0
159,167,6.69,10000,9085.0,0,5,2794.0,0,2867.0,5,795.0,5,1703,597,1.8,1.0,24,0.578302868,280,3301.484148,466.2,3030.7303420000003,424.7,2,3,2,0,0,0,0,0,0,0,0,0,0,1,0,0,0,0,0,0,0,0,0,0,0,0,0,0,0,0,0,0,0,0,0,1,0,0,0,0,1,0,0,0
160,168,95.62,10200,8815.0,1,3,1202.0,1,1872.0,13,681.1044922,2,836,831,0.7,1.0,3,0.476753042,129,2899.7790000000005,333.0,2069.137445,1131.9,2,2,0,0,0,1,0,0,0,0,0,0,0,0,0,0,0,0,0,0,0,0,0,0,0,0,0,0,0,0,0,0,0,0,0,0,1,0,0,0,1,0,0,0
161,169,74.43,10200,9065.0,1,3,1059.0,1,1730.0,9,576.0,2,1382,224,-1.0,-1.0,4,0.484795295,236,2869.7413699999997,318.0,1955.017345,1017.6,2,1,2,0,0,1,0,0,0,0,0,0,0,0,0,0,0,0,0,0,0,0,0,0,0,0,0,0,0,0,0,0,0,0,0,0,1,0,0,1,0,0,0,0
162,170,19.04,15500,8700.0,0,3,2820.0,0,2582.0,3,860.0,3,894,381,1.2,1.0,5,0.508894243,112,2652.0913969999997,314.6,2083.410681,530.0,2,3,0,0,0,0,1,0,0,0,0,0,0,0,0,0,0,0,0,0,0,0,0,0,0,0,0,0,0,0,0,0,0,0,0,1,0,0,0,1,0,0,0,0
163,171,20.93,16000,7720.0,1,3,2269.0,0,2306.0,7,720.0,3,890,208,1.2,1.0,5,0.508172567,197,2741.192112,235.2,1695.031604,487.2,2,3,0,0,0,0,1,0,0,0,0,0,0,0,0,0,0,0,0,0,0,0,0,0,0,0,0,0,0,0,0,0,0,0,0,1,0,0,0,0,1,0,0,0
164,172,18.53,10200,8985.0,1,4,736.0,2,1938.0,18,937.5639037999999,2,1074,626,0.7,1.0,3,0.574648808,250,2981.228426,254.6,2521.525948,490.1,2,3,2,0,0,0,0,0,0,0,0,0,0,0,0,0,0,0,0,0,0,0,0,0,0,0,0,0,0,0,1,0,0,0,0,1,0,0,0,0,1,0,0,0
165,173,-6.95,10300,8390.0,0,4,1830.104736,0,2158.3857420000004,0,843.0,4,1512,316,1.2,1.0,10,0.552904246,33,2901.40995,180.0,2612.2510039999997,492.5,2,0,2,0,0,0,0,0,0,0,0,0,0,0,0,0,0,0,1,0,0,0,0,0,0,0,0,0,0,0,0,0,0,0,0,1,0,0,0,1,0,0,0,0
166,174,19.72,10300,8390.0,0,4,1830.104736,0,2158.3857420000004,0,843.0,4,1512,316,1.2,1.0,10,0.5447166920000001,31,2862.625148,174.9,2721.909165,527.1,2,0,2,0,0,0,0,0,0,0,0,0,0,0,0,0,0,0,1,0,0,0,0,0,0,0,0,0,0,0,0,0,0,0,0,1,0,0,0,1,0,0,0,0
167,175,8.31,15400,8335.0,0,2,2746.0,0,2678.0,4,562.0,2,1556,21,7.1,16.0,7,0.564166454,310,3348.244094,229.3,2846.434552,1109.5,2,0,1,0,0,0,0,0,0,0,0,0,0,1,0,0,0,0,0,0,0,0,0,0,0,0,0,0,0,0,0,0,0,0,0,1,0,0,0,1,0,0,0,0
168,176,21.04,9900,10415.0,1,2,1251.563354,2,2071.0,12,1455.0,0,1490,4,0.0,0.0,1,0.51058827,39,2537.4203850000004,190.7,1685.325063,580.9,1,2,0,0,0,0,0,0,0,0,0,0,0,0,0,0,0,0,0,0,0,0,0,0,0,0,0,0,1,0,0,0,0,0,0,1,0,1,0,0,0,0,0,0
169,177,21.98,10000,10415.0,1,2,1251.563354,2,2071.0,12,1455.0,0,1490,4,0.0,0.0,1,0.510739265,112,2325.636337,197.6,2008.504109,543.5,1,2,0,0,0,0,0,0,0,0,0,0,0,0,0,0,0,0,0,0,0,0,0,0,0,0,0,0,1,0,0,0,0,0,0,1,0,1,0,0,0,0,0,0
170,178,5.87,15800,8335.0,0,2,2746.0,0,2678.0,4,562.0,2,1556,21,7.1,16.0,7,0.565191085,415,3355.734944,320.7,3106.09055,538.4,2,0,1,0,0,0,0,0,0,0,0,0,0,1,0,0,0,0,0,0,0,0,0,0,0,0,0,0,0,0,0,0,0,0,0,1,0,0,0,1,0,0,0,0
171,179,13.8,10000,10415.0,1,2,1251.563354,2,2071.0,12,1455.0,0,1490,4,0.0,0.0,1,0.513880965,178,2519.9092960000003,324.3,1889.667164,633.4,1,2,0,0,0,0,0,0,0,0,0,0,0,0,0,0,0,0,0,0,0,0,0,0,0,0,0,0,1,0,0,0,0,0,0,1,0,1,0,0,0,0,0,0
172,180,37.0,15800,8335.0,0,2,2746.0,0,2678.0,4,562.0,2,1556,21,7.1,16.0,7,0.552118641,488,3169.855167,185.2,3050.102809,531.4,2,0,1,0,0,0,0,0,0,0,0,0,0,1,0,0,0,0,0,0,0,0,0,0,0,0,0,0,0,0,0,0,0,0,0,1,0,0,0,1,0,0,0,0
173,181,15.19,10000,10055.0,1,0,1341.0,0,2444.0,33,1283.0,0,1326,19,0.0,0.0,1,0.566522913,135,2778.035644,687.2,2535.961762,456.7,2,3,0,0,0,0,0,0,0,0,0,0,0,0,0,0,1,0,0,0,0,0,0,0,0,0,0,0,0,0,0,0,0,0,1,0,0,1,0,0,0,0,0,0
174,182,19.2,10000,10285.0,1,1,1038.0,1,2536.0,29,1775.0,0,1783,28,0.0,0.0,1,0.564823254,126,2569.498384,140.3,2313.074005,597.7,2,3,0,0,0,0,0,0,0,0,0,0,0,0,0,0,1,0,0,0,0,0,0,0,0,0,0,0,0,0,0,0,0,0,1,0,0,1,0,0,0,0,0,0
175,183,38.38,10000,10275.0,1,1,1336.9257810000001,1,2275.0,16,1639.0,0,1950,1085,-0.7,-1.0,3,0.556693708,190,2584.1433629999997,124.1,2555.544148,399.2,1,3,0,0,0,0,0,0,0,0,0,0,0,0,0,0,1,0,0,0,0,0,0,0,0,0,0,0,0,0,0,0,0,0,1,0,0,1,0,0,0,0,0,0
176,184,19.4,10400,10090.0,1,0,2409.567627,0,2582.0,20,1511.0,0,1647,1,0.0,0.0,1,0.547718405,219,2666.452682,131.6,1770.280839,800.3,1,3,0,0,0,0,0,0,0,0,0,0,0,0,0,0,0,0,0,0,0,0,0,0,0,0,1,0,0,0,0,0,0,0,0,1,0,1,0,0,0,0,0,0
177,185,19.03,10400,10090.0,1,0,2409.567627,0,2582.0,20,1511.0,0,1647,1,0.0,0.0,1,0.547870505,266,2722.559369,170.9,2523.886118,688.0,1,3,0,0,0,0,0,0,0,0,0,0,0,0,0,0,0,0,0,0,0,0,0,0,0,0,1,0,0,0,0,0,0,0,0,1,0,1,0,0,0,0,0,0
178,186,36.14,10400,10090.0,1,0,2409.567627,0,2582.0,20,1511.0,0,1647,1,0.0,0.0,1,0.540836906,285,2655.381216,154.5,2462.709788,547.5,1,3,0,0,0,0,0,0,0,0,0,0,0,0,0,0,0,0,0,0,0,0,0,0,0,0,1,0,0,0,0,0,0,0,0,1,0,1,0,0,0,0,0,0
179,187,28.1,10500,8810.0,0,4,1781.0,0,2300.0,12,666.0,4,851,343,0.0,0.0,5,0.5029901139999999,154,2913.556622,291.7,1741.495752,676.9,2,0,2,0,0,0,0,0,0,0,0,0,1,0,0,0,0,0,0,0,0,0,0,0,0,0,0,0,0,0,0,0,0,0,1,0,0,0,0,1,0,0,0,0
180,188,31.06,10400,8810.0,0,4,1781.0,0,2300.0,12,666.0,4,851,343,0.0,0.0,5,0.501865337,213,2964.785264,252.1,2221.265448,624.0,2,0,2,0,0,0,0,0,0,0,0,0,1,0,0,0,0,0,0,0,0,0,0,0,0,0,0,0,0,0,0,0,0,0,0,1,0,0,0,1,0,0,0,0
181,189,33.72,10000,7520.0,1,2,784.0,1,1628.0,4,1980.0,1,1556,155,-0.7,-1.0,3,0.492131695,41,2410.974005,144.5,2433.602601,375.6,2,0,0,0,0,0,0,0,0,0,0,0,0,0,0,0,0,0,0,0,0,0,0,0,0,0,0,0,1,0,0,0,0,0,0,1,0,0,0,1,0,0,0,0
182,190,5.62,10400,8810.0,0,4,1781.0,0,2300.0,12,666.0,4,851,343,0.0,0.0,5,0.511532341,309,3061.117722,306.5,1963.574113,883.5,2,0,2,0,0,0,0,0,0,0,0,0,1,0,0,0,0,0,0,0,0,0,0,0,0,0,0,0,0,0,0,0,0,0,0,1,0,0,0,1,0,0,0,0
183,191,20.53,10000,7520.0,1,2,784.0,1,1628.0,4,1980.0,1,1556,155,-0.7,-1.0,3,0.497056503,107,2485.828165,203.5,2458.557476,451.7,2,0,0,0,0,0,0,0,0,0,0,0,0,0,0,0,0,0,0,0,0,0,0,0,0,0,0,0,1,0,0,0,0,0,0,1,0,0,0,1,0,0,0,0
184,192,23.17,9800,10650.0,1,0,1142.0,0,2602.0,26,1847.0,0,1847,16,0.0,0.0,1,0.5436126170000001,32,2738.44581,110.2,2779.193382,365.7,2,3,0,0,0,0,0,0,0,0,0,0,0,0,0,0,1,0,0,0,0,0,0,0,0,0,0,0,0,0,0,0,0,0,1,0,0,1,0,0,0,0,0,0
185,193,23.53,10000,8755.0,1,4,1537.0,3,1870.0,12,882.0,1,1172,10,1.0,1.0,2,0.49593638,171,2424.761231,158.4,2323.468449,334.8,2,0,2,0,0,0,0,0,0,0,0,0,0,0,0,0,0,0,0,0,0,0,0,0,0,0,0,0,1,0,0,0,0,0,0,1,0,0,0,1,0,0,0,0
186,194,,10000,8915.0,1,5,991.0,4,1832.0,21,797.0,1,1720,664,12.0,12.0,4,0.523895323,100,2471.255945,105.0,2472.226587,313.8,2,3,1,0,0,0,0,0,0,0,0,0,0,0,0,0,1,0,0,0,0,0,0,0,0,0,0,0,0,0,0,0,0,0,0,0,1,0,0,0,1,0,0,0
187,195,28.3,10000,9475.0,1,5,2331.0,1,1948.0,7,580.0,4,1499,285,16.9,30.0,11,0.505867641,29,2712.567541,254.9,2313.355575,794.0,2,3,2,0,0,0,0,0,0,0,0,0,1,0,0,0,0,0,0,0,0,0,0,0,0,0,0,0,0,0,0,0,0,0,1,0,0,0,0,1,0,0,0,0
188,196,62.34,9800,10650.0,1,0,1142.0,0,2602.0,26,1847.0,0,1847,16,0.0,0.0,1,0.527585923,176,2514.4763829999997,106.7,2120.666456,475.1,2,3,0,0,0,0,0,0,0,0,0,0,0,0,0,0,1,0,0,0,0,0,0,0,0,0,0,0,0,0,0,0,0,0,0,0,1,1,0,0,0,0,0,0
189,197,41.75,10000,9475.0,1,5,2331.0,1,1948.0,7,580.0,4,1499,285,16.9,30.0,11,0.500726729,148,2597.442801,193.2,2254.978707,442.3,2,3,2,0,0,0,0,0,0,0,0,0,1,0,0,0,0,0,0,0,0,0,0,0,0,0,0,0,0,0,0,0,0,0,1,0,0,0,0,1,0,0,0,0
190,198,-0.84,12800,9965.0,1,1,1677.0,0,2241.0,18,919.0,1,967,35,0.0,0.0,1,0.606521422,441,2621.10985,217.3,1434.416699,243.4,1,3,0,0,0,0,1,0,0,0,0,0,0,0,0,0,0,0,0,0,0,0,0,0,0,0,0,0,0,0,0,0,0,0,1,0,0,1,0,0,0,0,0,0
191,199,2.96,12500,10130.0,1,0,1905.756836,0,2214.0,12,1092.0,0,1100,4,0.0,0.0,1,0.605544059,41,2745.732051,196.6,1683.805117,1002.2,1,3,0,0,0,0,1,0,0,0,0,0,0,0,0,0,0,0,0,0,0,0,0,0,0,0,0,0,0,0,0,0,0,0,1,0,0,1,0,0,0,0,0,0
192,200,-2.1,12600,10130.0,1,0,1905.756836,0,2214.0,12,1092.0,0,1100,4,0.0,0.0,1,0.607815705,130,2846.88364,269.3,1917.067818,1069.3,1,3,0,0,0,0,1,0,0,0,0,0,0,0,0,0,0,0,0,0,0,0,0,0,0,0,0,0,0,0,0,0,0,0,1,0,0,1,0,0,0,0,0,0
193,201,34.33,12700,8455.0,1,6,871.0,6,1943.0,29,1456.0,0,1859,503,32.6,53.0,5,0.501028289,181,2727.339854,485.6,2165.224217,657.0,2,2,3,0,0,0,0,0,0,0,0,0,0,0,0,0,0,0,0,0,0,0,0,1,0,0,0,0,0,0,0,0,0,0,0,1,0,0,0,0,1,0,0,0
194,202,43.13,9800,10235.0,1,1,1887.0,0,2373.0,27,826.0,1,838,1,0.0,0.0,1,0.49727883,60,2730.944463,255.1,2086.997291,740.5,2,3,0,0,0,0,0,0,0,0,0,0,1,0,0,0,0,0,0,0,0,0,0,0,0,0,0,0,0,0,0,0,0,0,0,0,1,1,0,0,0,0,0,0
195,203,23.1,12600,8045.0,1,9,1707.905518,5,1989.0,18,722.0,4,703,139,0.3,0.5,4,0.5052990589999999,282,2707.380662,157.5,2690.661985,615.0,2,1,3,0,0,0,0,0,0,0,0,0,0,0,0,0,0,0,0,0,0,0,0,1,0,0,0,0,0,0,0,0,0,0,0,1,0,0,0,0,1,0,0,0
196,204,39.95,9800,10235.0,1,1,1887.0,0,2373.0,27,826.0,1,838,1,0.0,0.0,1,0.498487205,189,2661.5867949999997,167.9,1997.20908,497.2,2,3,0,0,0,0,0,0,0,0,0,0,1,0,0,0,0,0,0,0,0,0,0,0,0,0,0,0,0,0,0,0,0,0,0,0,1,1,0,0,0,0,0,0
197,205,8.21,12700,10365.0,1,0,1930.352539,0,2150.0,16,1200.0,0,1758,8,0.7,1.0,3,0.510961728,359,2804.131512,142.3,2854.3197,394.8,2,3,0,0,0,0,0,0,0,0,0,0,0,0,0,0,0,0,0,0,0,0,0,1,0,0,0,0,0,0,0,0,0,0,0,1,0,1,0,0,0,0,0,0
198,206,16.66,10300,10355.0,1,1,1701.175171,0,2263.0,16,1026.0,1,1859,6,-0.5,-0.5,2,0.509494796,39,2144.46691,317.7,2110.7123890000003,567.7,1,3,0,0,0,0,0,0,0,0,0,0,0,0,0,0,0,0,0,0,0,0,0,1,0,0,0,0,0,0,0,0,0,0,1,0,0,1,0,0,0,0,0,0
199,207,17.37,15400,8340.0,1,3,1446.0,2,1992.0,19,1200.0,1,918,183,0.7,1.0,3,0.5174387979999999,547,2659.629796,204.0,2523.697845,664.0,2,1,3,0,0,0,0,0,0,0,0,0,0,0,0,1,0,0,0,0,0,0,0,0,0,0,0,0,0,0,0,0,0,0,1,0,0,0,0,0,1,0,0,0
200,208,26.09,10200,8070.0,1,5,989.592041,3,1856.0,11,800.0,2,987,140,0.3,0.5,4,0.50589623,107,2019.252397,214.3,1753.971943,312.3,1,1,3,0,0,0,0,0,0,0,0,0,0,0,0,0,0,0,0,0,0,0,0,1,0,0,0,0,0,0,0,0,0,0,0,1,0,0,0,0,1,0,0,0
201,209,29.88,10200,10355.0,1,1,2347.749268,0,2159.0,16,1026.0,1,1750,9,-0.7,-1.0,3,0.5044499339999999,172,2143.4477260000003,873.6,2124.827041,529.7,2,3,0,0,0,0,0,0,0,0,0,0,0,0,0,0,0,0,0,0,0,0,0,1,0,0,0,0,0,0,0,0,0,0,0,1,0,1,0,0,0,0,0,0
202,210,13.57,15800,8355.0,0,1,919.0134888,0,2432.0,3,1411.0,1,1047,174,0.7,1.0,3,0.5194272,139,3062.1990769999998,346.0,2622.471528,678.2,1,1,1,0,0,0,0,0,0,0,0,0,0,0,0,1,0,0,0,0,0,0,0,0,0,0,0,0,0,0,0,0,0,0,0,1,0,0,1,0,0,0,0,0
203,213,30.62,15700,8375.0,1,3,816.319519,2,1912.0,8,1411.0,1,1050,187,0.7,1.0,3,0.512809254,217,2714.593621,245.5,2578.192266,901.9,2,1,1,0,0,0,0,0,0,0,0,0,0,0,0,1,0,0,0,0,0,0,0,0,0,0,0,0,0,0,0,0,0,0,0,1,0,0,0,0,1,0,0,0
204,214,0.54,10400,10040.0,1,1,831.638855,1,2354.0,24,1437.0,0,1441,16,0.0,0.0,1,0.638137019,73,2909.625279,172.0,1749.014082,208.3,2,3,0,0,0,0,0,0,0,0,0,0,0,0,0,0,1,0,0,0,0,0,0,0,0,0,0,0,0,0,0,0,0,0,0,1,0,1,0,0,0,0,0,0
205,215,6.73,9800,8340.0,1,3,1411.0469970000001,0,2188.0,8,561.0,3,812,216,-1.0,-1.0,4,0.5512707139999999,290,2789.780893,121.6,2643.175606,397.6,2,0,3,0,0,0,0,0,0,0,0,0,0,0,0,0,0,0,0,0,0,0,0,0,0,0,0,0,1,0,0,0,0,0,0,1,0,0,0,0,0,0,0,1
206,216,9.69,9800,8340.0,1,3,1411.0469970000001,0,2188.0,8,561.0,3,812,216,-1.0,-1.0,4,0.550057558,353,2758.72444,138.4,2515.777676,424.6,2,0,3,0,0,0,0,0,0,0,0,0,0,0,0,0,0,0,0,0,0,0,0,0,0,0,0,0,1,0,0,0,0,0,0,1,0,0,0,0,0,0,0,1
207,217,5.94,9700,8340.0,1,3,1411.0469970000001,0,2188.0,8,561.0,3,812,216,-1.0,-1.0,4,0.551594496,414,2721.171681,108.0,2383.70354,608.6,2,0,3,0,0,0,0,0,0,0,0,0,0,0,0,0,0,0,0,0,0,0,0,0,0,0,0,0,1,0,0,0,0,0,0,1,0,0,0,0,0,0,0,1
208,218,23.36,10300,10415.0,1,2,1195.286743,2,2071.0,12,1455.0,0,1490,4,0.0,0.0,1,0.590354319,47,2801.394921,177.8,2238.400192,381.4,1,2,0,1,0,0,0,0,0,0,0,0,0,0,0,0,0,0,0,0,0,0,0,0,0,0,0,0,0,0,0,0,0,0,1,0,0,1,0,0,0,0,0,0
209,219,-1.54,15400,8480.0,1,6,2618.0,4,2141.0,15,1297.0,2,995,393,1.2,1.0,5,0.558825852,109,3102.335321,216.1,2510.022085,617.1,1,3,3,0,0,0,0,0,0,0,0,0,0,0,0,0,0,0,0,1,0,0,0,0,0,0,0,0,0,0,0,0,0,0,1,0,0,0,0,0,1,0,0,0
210,220,,15400,8160.0,1,2,616.0,1,1870.0,7,569.0,1,1601,44,5.0,5.0,4,0.55975494,150,3117.687957,191.3,2687.512197,559.3,2,0,0,0,0,0,0,0,0,0,0,0,0,0,0,0,0,0,0,1,0,0,0,0,0,0,0,0,0,0,0,0,0,0,0,1,0,1,0,0,0,0,0,0
211,221,71.19,10300,10415.0,1,2,1195.286743,2,2071.0,12,1455.0,0,1490,4,0.0,0.0,1,0.569098586,114,2720.473551,168.1,2288.421185,451.1,1,2,0,1,0,0,0,0,0,0,0,0,0,0,0,0,0,0,0,0,0,0,0,0,0,0,0,0,0,0,0,0,0,0,1,0,0,1,0,0,0,0,0,0
212,222,-9.64,15400,9115.0,1,5,1454.0,4,1933.0,22,1040.0,1,1377,776,0.3,0.5,4,0.562170569,164,3281.536437,169.0,2623.257599,487.7,2,3,1,0,0,0,0,0,0,0,0,0,0,0,0,0,0,0,0,1,0,0,0,0,0,0,0,0,0,0,0,0,0,0,1,0,0,0,0,0,1,0,0,0
213,223,19.15,12800,10570.0,1,1,1122.0,0,2174.0,26,1000.0,1,1500,29,-0.5,-0.5,2,0.512544035,407,2574.941516,158.0,2112.50304,591.8,2,3,0,0,1,0,0,0,0,0,0,0,0,0,0,0,0,0,0,0,0,0,0,0,0,0,0,0,0,0,0,0,0,0,1,0,0,1,0,0,0,0,0,0
214,224,25.99,12800,10545.0,1,2,2122.0,0,2308.0,27,1000.0,2,1000,17,-0.5,-0.5,2,0.5099133060000001,502,2573.080854,156.5,2105.910088,766.0,2,3,0,0,1,0,0,0,0,0,0,0,0,0,0,0,0,0,0,0,0,0,0,0,0,0,0,0,0,0,0,0,0,0,1,0,0,1,0,0,0,0,0,0
215,225,46.45,10300,8335.0,0,2,2746.0,0,2678.0,4,562.0,2,1556,21,7.1,16.0,7,0.524243429,65,2110.786949,166.4,903.0374375,365.2,2,0,1,0,0,0,0,1,0,0,0,0,0,0,0,0,0,0,0,0,0,0,0,0,0,0,0,0,0,0,0,0,0,0,0,1,0,0,0,1,0,0,0,0
216,226,31.5,10300,8335.0,0,2,2746.0,0,2678.0,4,562.0,2,1556,21,7.1,16.0,7,0.530247589,60,1900.9241550000002,183.4,945.3021315999999,577.4,2,0,1,0,0,0,0,1,0,0,0,0,0,0,0,0,0,0,0,0,0,0,0,0,0,0,0,0,0,0,0,0,0,0,0,1,0,0,0,1,0,0,0,0
217,227,19.06,12800,10545.0,1,2,2122.0,0,2308.0,27,1000.0,2,1000,17,-0.5,-0.5,2,0.5125786489999999,593,2613.121739,170.7,1950.9066559999999,780.2,2,3,0,0,1,0,0,0,0,0,0,0,0,0,0,0,0,0,0,0,0,0,0,0,0,0,0,0,0,0,0,0,0,0,1,0,0,1,0,0,0,0,0,0
218,228,40.74,10300,8335.0,0,2,2746.0,0,2678.0,4,562.0,2,1556,21,7.1,16.0,7,0.5265366570000001,203,1824.8586920000002,128.6,933.2935974999999,409.0,2,0,1,0,0,0,0,1,0,0,0,0,0,0,0,0,0,0,0,0,0,0,0,0,0,0,0,0,0,0,0,0,0,0,0,1,0,0,0,1,0,0,0,0
219,229,3.3,12600,8920.0,1,3,1217.0,1,1999.0,12,610.0,2,746,400,2.0,2.0,2,0.553714195,43,3015.3950600000003,221.4,2746.547426,565.7,2,2,0,0,0,0,0,0,0,0,0,0,0,0,0,0,0,0,0,0,1,0,0,0,0,0,0,0,0,0,0,0,0,0,1,0,0,0,0,0,1,0,0,0
220,230,3.03,12600,10085.0,1,0,2768.439697,0,2467.0,23,1508.0,0,1644,1,0.0,0.0,1,0.553825062,49,3041.303786,222.1,2686.28778,622.1,1,3,0,0,0,0,0,0,0,0,0,0,0,0,0,0,0,0,0,0,1,0,0,0,0,0,0,0,0,0,0,0,0,0,1,0,0,1,0,0,0,0,0,0
221,231,24.55,12800,8920.0,1,3,1217.0,1,1999.0,12,610.0,2,746,400,2.0,2.0,2,0.5448863970000001,35,2899.708788,183.6,2551.4517809999998,409.3,2,2,0,0,0,0,0,0,0,0,0,0,0,0,0,0,0,0,0,0,1,0,0,0,0,0,0,0,0,0,0,0,0,0,1,0,0,0,0,0,1,0,0,0
222,232,-3.38,10800,10350.0,1,5,1522.0,4,2136.0,33,1023.0,1,1962,1571,-34.0,-45.0,4,0.5280920020000001,468,3064.8503960000003,431.0,2571.955575,691.0,2,3,0,0,0,0,0,0,0,0,0,0,0,0,0,0,0,0,0,0,0,0,0,0,0,1,0,0,0,0,0,0,0,0,1,0,0,1,0,0,0,0,0,0
223,233,22.51,10800,10357.5,1,3,2854.0,3,2151.0,47,1492.0,0,1492,11,0.0,0.0,1,0.520048796,47,3127.017699,501.5,2588.417661,520.7,2,3,1,0,0,0,0,0,0,0,0,0,0,0,0,0,0,0,0,0,0,0,0,0,0,1,0,0,0,0,0,0,0,0,1,0,0,1,0,0,0,0,0,0
224,234,23.13,10800,10365.0,1,4,1450.6248779999999,4,2229.0,37,1492.0,0,1492,11,0.0,0.0,1,0.517761364,571,3105.356922,221.4,2433.504802,687.4,2,3,0,0,0,0,0,0,0,0,0,0,0,0,0,0,0,0,0,0,0,0,0,0,0,1,0,0,0,0,0,0,0,0,1,0,0,1,0,0,0,0,0,0
225,235,30.18,15800,9065.0,1,3,1059.0,1,1730.0,9,576.0,2,1382,224,-1.0,-1.0,4,0.508810297,62,2794.958161,320.2,1831.250796,611.9,2,1,2,0,0,1,0,0,0,0,0,0,0,0,0,0,0,0,0,0,0,0,0,0,0,0,0,0,0,0,0,0,0,0,1,0,0,0,0,1,0,0,0,0
226,236,,15800,8815.0,1,3,1202.0,1,1872.0,13,681.1044922,2,836,831,0.7,1.0,3,0.520791318,162,2930.910773,147.3,1765.68711,284.4,2,2,0,0,0,1,0,0,0,0,0,0,0,0,0,0,0,0,0,0,0,0,0,0,0,0,0,0,0,0,0,0,0,0,1,0,0,0,0,0,1,0,0,0
227,237,2.1,15800,8815.0,1,3,1202.0,1,1872.0,13,681.1044922,2,836,831,0.7,1.0,3,0.519620935,316,3049.659077,287.7,1778.5189460000001,532.0,2,2,0,0,0,1,0,0,0,0,0,0,0,0,0,0,0,0,0,0,0,0,0,0,0,0,0,0,0,0,0,0,0,0,0,1,0,0,0,0,1,0,0,0
228,238,-4.9,10400,8480.0,1,5,765.0,3,1913.0,15,651.0,2,1456,909,14.1,2.0,9,0.56397171,44,2901.724733,183.4,3079.070489,1036.7,2,3,3,0,0,0,0,0,0,0,0,0,0,1,0,0,0,0,0,0,0,0,0,0,0,0,0,0,0,0,0,0,0,0,1,0,0,0,0,0,1,0,0,0
229,239,35.91,10300,8480.0,1,5,765.0,3,1913.0,15,651.0,2,1456,909,14.1,2.0,9,0.544779338,45,3020.2450940000003,203.8,2234.9403620000003,578.3,2,3,3,0,0,0,0,0,0,0,0,0,0,1,0,0,0,0,0,0,0,0,0,0,0,0,0,0,0,0,0,0,0,0,0,0,1,0,0,0,1,0,0,0
230,240,34.82,10300,8480.0,1,5,765.0,3,1913.0,15,651.0,2,1456,909,14.1,2.0,9,0.5474601720000001,121,2711.988942,251.2,2767.440439,586.0,2,3,3,0,0,0,0,0,0,0,0,0,0,1,0,0,0,0,0,0,0,0,0,0,0,0,0,0,0,0,0,0,0,0,0,0,1,0,0,0,1,0,0,0
231,241,13.46,13000,8275.0,0,2,2324.162598,0,2535.925293,0,846.0,2,1317,291,3.5,3.5,6,0.550263215,519,2576.2613699999997,535.1,1012.064833,315.1,1,0,2,0,0,0,0,0,0,0,1,0,0,0,0,0,0,0,0,0,0,0,0,0,0,0,0,0,0,0,0,0,0,0,0,1,0,0,0,1,0,0,0,0
232,242,13.66,10100,9945.0,1,1,1633.0,0,2736.0,19,1016.0,1,1016,9,0.0,0.0,1,0.551107734,40,2789.521162,450.0,2937.843594,854.9,2,3,0,0,0,0,0,0,0,0,0,0,0,0,0,0,0,0,0,0,0,0,0,0,0,0,1,0,0,0,0,0,0,0,1,0,0,1,0,0,0,0,0,0
233,243,5.26,12900,8595.0,0,4,1946.0,0,2335.0,7,648.0,4,893,297,-4.6,-8.0,5,0.5653436239999999,36,2970.475952,171.1,984.4393228,590.6,2,2,0,0,0,1,0,0,0,0,0,0,0,0,0,0,0,0,0,0,0,0,0,0,0,0,0,0,0,0,0,0,0,0,1,0,0,0,0,0,0,1,0,0
234,244,14.4,13000,8275.0,0,2,2324.162598,0,2535.925293,0,846.0,2,1317,291,3.5,3.5,6,0.557698293,57,2597.085479,164.7,1325.000416,953.5,1,0,2,0,0,0,0,0,0,0,1,0,0,0,0,0,0,0,0,0,0,0,0,0,0,0,0,0,0,0,0,0,0,0,0,1,0,0,0,1,0,0,0,0
235,245,30.9,10100,9790.0,1,0,2749.0,0,2443.0,12,1906.0,0,2788,1032,-28.5,-28.5,2,0.544007427,104,2591.5778609999998,423.0,2666.980485,982.7,1,3,0,0,0,0,0,0,0,0,0,0,0,0,0,0,0,0,0,0,0,0,0,0,0,0,1,0,0,0,0,0,0,0,1,0,0,1,0,0,0,0,0,0
236,246,16.36,13000,9065.0,1,3,1059.0,1,1730.0,9,576.0,2,1382,224,-1.0,-1.0,4,0.560683247,118,2817.625625,278.8,2045.152982,1330.4,2,1,2,0,0,1,0,0,0,0,0,0,0,0,0,0,0,0,0,0,0,0,0,0,0,0,0,0,0,0,0,0,0,0,1,0,0,0,0,1,0,0,0,0
237,247,14.04,12700,8410.0,1,3,1205.0,1,1729.0,9,1000.0,2,806,176,1.0,1.0,2,0.5585690170000001,189,2700.095806,179.2,2485.147003,1010.9,2,0,2,0,0,1,0,0,0,0,0,0,0,0,0,0,0,0,0,0,0,0,0,0,0,0,0,0,0,0,0,0,0,0,1,0,0,0,0,1,0,0,0,0
238,248,3.82,10100,9945.0,1,1,1633.0,0,2736.0,19,1016.0,1,1016,9,0.0,0.0,1,0.555160345,237,2876.678038,293.9,2559.673921,907.2,2,3,0,0,0,0,0,0,0,0,0,0,0,0,0,0,0,0,0,0,0,0,0,0,0,0,1,0,0,0,0,0,0,0,1,0,0,1,0,0,0,0,0,0
239,249,24.77,12600,10565.0,1,1,768.0,1,2423.0,28,1732.0,0,2198,16,-20.0,-20.0,2,0.52886577,158,2617.333459,184.1,1913.749196,580.7,2,3,0,0,0,0,0,0,0,0,0,0,0,0,0,0,1,0,0,0,0,0,0,0,0,0,0,0,0,0,0,0,0,0,0,0,1,1,0,0,0,0,0,0
240,250,30.9,12700,10565.0,1,1,768.0,1,2423.0,28,1732.0,0,2198,16,-20.0,-20.0,2,0.526422733,151,2585.380385,159.3,1319.029465,451.6,2,3,0,0,0,0,0,0,0,0,0,0,0,0,0,0,1,0,0,0,0,0,0,0,0,0,0,0,0,0,0,0,0,0,1,0,0,1,0,0,0,0,0,0
241,251,32.79,12700,10565.0,1,1,768.0,1,2423.0,28,1732.0,0,2198,16,-20.0,-20.0,2,0.525669496,225,2623.4198,116.0,1695.386333,536.6,2,3,0,0,0,0,0,0,0,0,0,0,0,0,0,0,1,0,0,0,0,0,0,0,0,0,0,0,0,0,0,0,0,0,1,0,0,1,0,0,0,0,0,0
242,252,3.9,10000,8450.0,0,3,2481.0,0,2708.0,3,651.0,3,1161,352,0.7,1.0,7,0.528055601,52,2739.8911120000002,227.4,2319.774475,475.8,1,1,1,0,0,0,0,0,0,0,0,0,0,0,0,0,0,0,0,0,0,0,0,0,0,0,0,0,0,0,0,1,0,0,1,0,0,0,0,0,1,0,0,0
243,253,-12.43,10300,8450.0,0,3,2481.0,0,2708.0,3,651.0,3,1161,352,0.7,1.0,7,0.532353541,47,2931.5331899999996,264.0,2805.079207,461.8,1,1,1,0,0,0,0,0,0,0,0,0,0,0,0,0,0,0,0,0,0,0,0,0,0,0,0,0,0,0,0,1,0,0,1,0,0,0,0,0,1,0,0,0
244,254,22.47,10200,8450.0,0,3,2481.0,0,2708.0,3,651.0,3,1161,352,0.7,1.0,7,0.520780505,121,2747.544833,154.9,2214.142524,481.8,1,1,1,0,0,0,0,0,0,0,0,0,0,0,0,0,0,0,0,0,0,0,0,0,0,0,0,0,0,0,0,1,0,0,0,1,0,0,0,0,1,0,0,0
245,255,-7.45,7600,9495.0,1,5,1012.0,1,2254.0,20,713.0,4,1699,725,-14.6,-22.5,18,0.483027875,49,3006.0980449999997,257.1,2805.181939,524.9,2,3,0,0,0,0,0,0,0,0,0,0,0,0,0,0,0,0,0,0,0,0,1,0,0,0,0,0,0,0,0,0,0,0,1,0,0,0,0,0,1,0,0,0
246,256,-5.57,7600,9495.0,1,6,892.0,2,1947.0,8,864.0,4,1389,602,0.9,1.5,14,0.48235978399999996,113,3124.461324,167.3,2995.954375,456.3,2,2,1,0,0,0,0,0,0,0,0,0,0,0,0,0,0,0,0,0,0,0,1,0,0,0,0,0,0,0,0,0,0,0,1,0,0,0,0,0,1,0,0,0
247,257,30.95,10100,8350.0,0,3,1348.0,0,2168.0,9,650.0,3,695,313,0.7,1.0,3,0.558724894,282,2626.5012,230.0,2511.856437,627.9,2,1,0,0,0,0,0,0,0,0,0,0,0,0,1,0,0,0,0,0,0,0,0,0,0,0,0,0,0,0,0,0,0,0,0,1,0,0,0,0,1,0,0,0
248,258,-4.01,15100,8470.0,1,5,1012.0,3,1856.0,12,759.9481812000001,2,542,452,1.0,1.0,2,0.523538231,230,2749.20177,188.0,2586.205618,500.2,2,2,1,0,0,0,0,0,0,0,0,0,0,0,0,0,0,0,1,0,0,0,0,0,0,0,0,0,0,0,0,0,0,0,1,0,0,0,0,0,1,0,0,0
249,259,35.36,10100,8350.0,0,3,1348.0,0,2168.0,9,650.0,3,695,313,0.7,1.0,3,0.556859425,367,2528.183455,221.0,2720.054521,494.4,2,1,0,0,0,0,0,0,0,0,0,0,0,0,1,0,0,0,0,0,0,0,0,0,0,0,0,0,0,0,0,0,0,0,0,1,0,0,0,0,1,0,0,0
250,260,5.7,15300,8470.0,1,5,1012.0,3,1856.0,12,759.9481812000001,2,542,452,1.0,1.0,2,0.51916722,49,2582.789304,164.5,2392.027272,450.1,2,2,1,0,0,0,0,0,0,0,0,0,0,0,0,0,0,0,1,0,0,0,0,0,0,0,0,0,0,0,0,0,0,0,1,0,0,0,0,0,1,0,0,0
251,261,13.8,15600,8470.0,1,5,1012.0,3,1856.0,12,759.9481812000001,2,542,452,1.0,1.0,2,0.516043157,49,2790.0130670000003,136.4,2428.815475,441.3,2,2,1,0,0,0,0,0,0,0,0,0,0,0,0,0,0,0,1,0,0,0,0,0,0,0,0,0,0,0,0,0,0,0,1,0,0,0,0,0,1,0,0,0
252,262,44.56,13600,8390.0,0,4,2145.35791,0,2279.505859,0,843.0,4,1512,316,1.2,1.0,10,0.500457436,50,2217.049211,244.6,2051.099384,657.7,2,0,2,0,0,0,0,0,0,0,0,0,0,0,0,0,0,0,0,0,0,0,0,1,0,0,0,0,0,0,0,0,0,0,0,1,0,0,0,1,0,0,0,0
253,263,35.84,13200,8810.0,0,4,1781.0,0,2300.0,12,666.0,4,851,343,0.0,0.0,5,0.498732522,317,2379.743894,176.5,2201.34,589.4,2,0,2,0,0,0,0,0,0,0,0,0,0,0,0,0,0,0,0,0,0,0,0,1,0,0,0,0,0,0,0,0,0,0,0,1,0,0,0,1,0,0,0,0
254,264,44.16,13600,8870.0,0,3,2780.0,0,2629.0,3,858.0,3,1024,318,-1.2,-1.0,5,0.5006105710000001,116,2269.023278,235.8,2197.135437,648.6,1,0,2,0,0,0,0,0,0,0,0,0,0,0,0,0,0,0,0,0,0,0,0,1,0,0,0,0,0,0,0,0,0,0,0,1,0,0,0,1,0,0,0,0
255,265,,13200,8810.0,0,4,1781.0,0,2300.0,12,666.0,4,851,343,0.0,0.0,5,0.497489429,420,2216.00828,205.1,1544.676122,741.0,2,0,2,0,0,0,0,0,0,0,0,0,0,0,0,0,0,0,0,0,0,0,0,1,0,0,0,0,0,0,0,0,0,0,0,1,0,0,0,1,0,0,0,0
256,266,-7.58,10300,9475.0,0,3,2193.6723629999997,0,1985.405396,0,787.0,3,1263,689,-1.4,-1.5,10,0.60044287,41,3380.1591770000005,236.4,2756.5498420000004,289.7,1,2,0,1,0,0,0,0,0,0,0,0,0,0,0,0,0,0,0,0,0,0,0,0,0,0,0,0,0,0,0,0,0,0,1,0,0,0,0,0,1,0,0,0
257,267,1.84,10300,8160.0,1,2,616.0,1,1870.0,7,569.0,1,1601,44,5.0,5.0,4,0.5962819779999999,37,3426.887418,225.7,2834.186764,247.1,2,0,0,1,0,0,0,0,0,0,0,0,0,0,0,0,0,0,0,0,0,0,0,0,0,0,0,0,0,0,0,0,0,0,1,0,0,1,0,0,0,0,0,0
258,268,24.22,13600,8870.0,0,3,2780.0,0,2629.0,3,858.0,3,1024,318,-1.2,-1.0,5,0.508244392,271,2276.248295,262.4,996.2498268999999,617.7,1,0,2,0,0,0,0,0,0,0,0,0,0,0,0,0,0,0,0,0,0,0,0,1,0,0,0,0,0,0,0,0,0,0,0,1,0,0,0,1,0,0,0,0
259,269,27.43,12600,9185.0,1,4,1325.0,2,1981.0,21,1000.0,2,796,169,1.0,1.0,2,0.521181337,309,2690.113975,146.1,1538.691204,446.0,2,2,2,0,0,0,0,0,0,0,0,0,0,0,0,0,1,0,0,0,0,0,0,0,0,0,0,0,0,0,0,0,0,0,1,0,0,0,0,0,1,0,0,0
260,270,4.31,8100,8970.0,1,8,619.0,6,1867.0,36,856.0322266000001,2,1252,951,-19.8,-20.0,4,0.5556843810000001,227,2910.095806,148.8,2736.134359,598.6,2,2,3,0,0,0,0,0,0,0,0,0,0,0,0,0,0,0,0,0,0,0,0,0,0,1,0,0,0,0,0,0,0,0,1,0,0,0,0,0,1,0,0,0
261,271,0.37,7800,8920.0,1,7,1086.0,7,1784.0,34,1206.0,0,1618,14,-0.5,-0.5,2,0.556269245,54,3200.823486,183.1,2704.069504,759.0,2,3,3,0,0,0,0,0,0,0,0,0,0,0,0,0,0,0,0,0,0,0,0,0,0,1,0,0,0,0,0,0,0,0,1,0,0,0,0,0,1,0,0,0
262,272,4.33,7900,8910.0,1,8,1401.0,7,1775.0,32,823.0,1,1015,8,-0.5,-0.5,2,0.55463923,44,3337.386903,198.4,2630.823009,574.0,2,3,3,0,0,0,0,0,0,0,0,0,0,0,0,0,0,0,0,0,0,0,0,0,0,1,0,0,0,0,0,0,0,0,1,0,0,0,0,0,1,0,0,0
263,273,27.8,12700,10575.0,1,1,1018.0,1,2491.0,21,1763.0,0,1791,23,0.0,0.0,1,0.521035728,390,2693.826949,278.7,1628.1257640000001,714.8,2,3,0,0,0,0,0,0,0,0,0,0,0,0,0,0,1,0,0,0,0,0,0,0,0,0,0,0,0,0,0,0,0,0,1,0,0,1,0,0,0,0,0,0
264,274,82.85,12600,10575.0,1,1,1018.0,1,2491.0,21,1763.0,0,1791,23,0.0,0.0,1,0.49937157299999996,473,2460.5397,117.1,1571.429111,635.9,2,3,0,0,0,0,0,0,0,0,0,0,0,0,0,0,1,0,0,0,0,0,0,0,0,0,0,0,0,0,0,0,0,0,1,0,0,1,0,0,0,0,0,0
265,275,1.49,13600,8530.0,1,3,780.9133911,1,1882.0,7,840.0,2,1182,308,1.5,1.5,4,0.5469759820000001,67,2401.098446,392.5,1218.33913,326.8,2,1,2,0,0,0,0,0,0,0,0,0,0,0,0,0,0,0,0,0,0,0,0,0,0,0,0,0,0,0,0,0,1,0,1,0,0,0,0,0,1,0,0,0
266,276,5.31,13500,8530.0,1,3,780.9133911,1,1882.0,7,840.0,2,1182,308,1.5,1.5,4,0.54542858,168,2770.815544,301.7,1507.6496339999999,499.1,2,1,2,0,0,0,0,0,0,0,0,0,0,0,0,0,0,0,0,0,0,0,0,0,0,0,0,0,0,0,0,0,1,0,1,0,0,0,0,0,1,0,0,0
267,277,8.26,13600,8530.0,1,3,780.9133911,1,1882.0,7,840.0,2,1182,308,1.5,1.5,4,0.5442335979999999,256,2583.971528,214.6,1561.060485,420.9,2,1,2,0,0,0,0,0,0,0,0,0,0,0,0,0,0,0,0,0,0,0,0,0,0,0,0,0,0,0,0,0,1,0,1,0,0,0,0,0,1,0,0,0
268,278,44.26,12600,10415.0,1,2,1251.563354,2,2071.0,12,1455.0,0,1490,4,0.0,0.0,1,0.49745314399999996,204,2090.504617,226.7,2082.40581,451.1,1,2,0,0,0,0,0,0,0,0,0,0,0,0,0,0,0,0,0,0,0,0,0,0,0,0,0,0,1,0,0,0,0,0,1,0,0,1,0,0,0,0,0,0
269,279,24.84,9600,8885.0,1,5,1216.0,1,1947.0,7,725.0,4,825,535,1.0,1.0,5,0.5576334470000001,48,2780.694513,244.6,1882.2842170000001,994.1,2,2,0,0,0,0,0,0,0,0,0,0,0,0,0,0,0,0,0,0,0,0,0,0,0,1,0,0,0,0,0,0,0,0,1,0,0,0,0,0,1,0,0,0
270,280,62.9,10300,10415.0,1,2,1251.563354,2,2071.0,12,1455.0,0,1490,4,0.0,0.0,1,0.493733708,56,2241.767857,285.3,2155.2055179999998,676.6,1,2,0,0,0,0,0,0,0,0,0,0,0,0,0,0,0,0,0,0,0,0,0,0,0,0,0,0,1,0,0,0,0,0,0,1,0,1,0,0,0,0,0,0
271,281,64.22,12800,10415.0,1,2,1251.563354,2,2071.0,12,1455.0,0,1490,4,0.0,0.0,1,0.48985928100000004,301,1975.04237,160.3,1654.0489029999999,751.2,1,2,0,0,0,0,0,0,0,0,0,0,0,0,0,0,0,0,0,0,0,0,0,0,0,0,0,0,1,0,0,0,0,0,0,1,0,1,0,0,0,0,0,0
272,282,31.71,10200,10415.0,1,2,1251.563354,2,2071.0,12,1455.0,0,1490,4,0.0,0.0,1,0.505681674,133,2395.528511,288.3,2422.3518280000003,376.5,1,2,0,0,0,0,0,0,0,0,0,0,0,0,0,0,0,0,0,0,0,0,0,0,0,0,0,0,1,0,0,0,0,0,0,1,0,1,0,0,0,0,0,0
273,283,40.34,10200,10415.0,1,2,1251.563354,2,2071.0,12,1455.0,0,1490,4,0.0,0.0,1,0.502375776,189,2302.56621,455.2,2319.878738,830.1,1,2,0,0,0,0,0,0,0,0,0,0,0,0,0,0,0,0,0,0,0,0,0,0,0,0,0,0,1,0,0,0,0,0,0,1,0,1,0,0,0,0,0,0
274,284,67.53,12700,10415.0,1,2,1251.563354,2,2071.0,12,1455.0,0,1490,4,0.0,0.0,1,0.488599978,386,1997.994967,181.4,1929.637368,497.4,1,2,0,0,0,0,0,0,0,0,0,0,0,0,0,0,0,0,0,0,0,0,0,0,0,0,0,0,1,0,0,0,0,0,0,1,0,1,0,0,0,0,0,0
275,285,4.13,15300,8800.0,0,5,1594.0,0,2279.0,11,856.0,5,806,305,0.0,0.0,5,0.573803395,247,2541.351643,450.3,2025.777345,564.9,2,0,3,0,0,0,0,0,0,0,0,0,0,0,0,0,0,0,0,0,0,0,1,0,0,0,0,0,0,0,0,0,0,0,0,1,0,0,0,1,0,0,0,0
276,286,16.7,15300,8800.0,0,5,1594.0,0,2279.0,11,856.0,5,806,305,0.0,0.0,5,0.568451351,43,2945.9648399999996,294.8,2364.7881030000003,639.6,2,0,3,0,0,0,0,0,0,0,0,0,0,0,0,0,0,0,0,0,0,0,1,0,0,0,0,0,0,0,0,0,0,0,1,0,0,0,0,1,0,0,0,0
277,287,45.82,15300,8800.0,0,5,1594.0,0,2279.0,11,856.0,5,806,305,0.0,0.0,5,0.556052662,346,2420.850104,453.7,2450.138653,390.2,2,0,3,0,0,0,0,0,0,0,0,0,0,0,0,0,0,0,0,0,0,0,1,0,0,0,0,0,0,0,0,0,0,0,0,1,0,0,0,1,0,0,0,0
278,288,21.19,13000,10255.0,1,2,772.0,2,2366.0,27,1748.0,0,1748,24,0.0,0.0,1,0.5558907470000001,75,2848.074967,169.7,2566.20147,701.0,2,3,0,0,0,0,0,0,0,0,0,0,0,0,0,0,1,0,0,0,0,0,0,0,0,0,0,0,0,0,0,0,0,0,1,0,0,1,0,0,0,0,0,0
279,289,6.93,10300,8280.0,1,5,938.0,3,2038.0,23,708.0,2,1546,230,-2.8,-1.0,6,0.5136218060000001,205,2680.928249,213.0,2614.600416,641.7,2,1,3,0,0,0,0,0,0,0,0,0,1,0,0,0,0,0,0,0,0,0,0,0,0,0,0,0,0,0,0,0,0,0,1,0,0,0,0,0,1,0,0,0
280,290,-11.64,13000,10255.0,1,2,772.0,2,2366.0,27,1748.0,0,1748,24,0.0,0.0,1,0.569606335,156,2965.636783,156.3,2945.865871,428.1,2,3,0,0,0,0,0,0,0,0,0,0,0,0,0,0,1,0,0,0,0,0,0,0,0,0,0,0,0,0,0,0,0,0,1,0,0,1,0,0,0,0,0,0
281,291,89.05,10300,9180.0,1,6,595.0,5,1940.0,33,820.163208,1,867,835,0.0,0.0,1,0.480995633,67,2426.467749,210.1,2079.290404,559.0,2,2,3,0,0,0,0,0,0,0,0,0,1,0,0,0,0,0,0,0,0,0,0,0,0,0,0,0,0,0,0,0,0,0,1,0,0,0,0,0,1,0,0,0
282,292,71.44,11800,8490.0,1,8,1801.0,6,1776.0,26,820.0,2,1124,9,0.7,1.0,3,0.5348974989999999,252,2531.114675,151.8,2224.430535,662.0,2,3,3,0,0,0,0,0,0,0,0,0,0,0,0,0,1,0,0,0,0,0,0,0,0,0,0,0,0,0,0,0,0,0,1,0,0,0,0,0,1,0,0,0
283,293,27.28,10300,10295.0,1,1,1665.0,0,2171.0,18,818.0,1,829,0,0.0,0.0,1,0.505849813,302,2616.979761,237.4,2395.782663,479.6,1,3,0,0,0,0,0,0,0,0,0,0,1,0,0,0,0,0,0,0,0,0,0,0,0,0,0,0,0,0,0,0,0,0,1,0,0,1,0,0,0,0,0,0
284,294,44.92,10300,8250.0,1,8,2579.0,3,2026.0,19,846.0,5,1543,276,4.7,2.0,12,0.499112812,369,2526.315152,270.9,2494.9637629999997,565.2,2,2,3,0,0,0,0,0,0,0,0,0,1,0,0,0,0,0,0,0,0,0,0,0,0,0,0,0,0,0,0,0,0,0,1,0,0,0,0,0,1,0,0,0
285,295,35.52,10300,9180.0,1,6,595.0,5,1940.0,33,820.163208,1,867,835,0.0,0.0,1,0.5013860520000001,222,2580.9184149999996,223.8,2395.248211,661.3,2,2,3,0,0,0,0,0,0,0,0,0,1,0,0,0,0,0,0,0,0,0,0,0,0,0,0,0,0,0,0,0,0,0,0,1,0,0,0,0,1,0,0,0
286,296,53.86,7600,8450.0,0,3,2481.0,0,2708.0,3,651.0,3,1161,352,0.7,1.0,7,0.5221663639999999,90,2489.949673,208.8,2536.835745,607.4,1,1,1,0,0,0,0,0,0,0,0,0,0,0,0,0,0,0,0,0,0,0,0,0,0,0,0,0,0,0,0,1,0,0,0,1,0,0,0,0,1,0,0,0
287,297,22.48,15400,8335.0,0,2,2746.0,0,2678.0,4,562.0,2,1556,21,7.1,16.0,7,0.530085303,81,2189.009027,269.0,1269.6879880000001,629.7,2,0,1,0,0,0,0,1,0,0,0,0,0,0,0,0,0,0,0,0,0,0,0,0,0,0,0,0,0,0,0,0,0,0,1,0,0,0,0,1,0,0,0,0
288,298,35.46,15400,8335.0,0,2,2746.0,0,2678.0,4,562.0,2,1556,21,7.1,16.0,7,0.524909284,180,1971.769373,282.0,845.3371297,408.2,2,0,1,0,0,0,0,1,0,0,0,0,0,0,0,0,0,0,0,0,0,0,0,0,0,0,0,0,0,0,0,0,0,0,1,0,0,0,0,1,0,0,0,0
289,299,18.04,15400,8335.0,0,2,2746.0,0,2678.0,4,562.0,2,1556,21,7.1,16.0,7,0.531855836,268,2068.565102,280.1,695.83793,299.4,2,0,1,0,0,0,0,1,0,0,0,0,0,0,0,0,0,0,0,0,0,0,0,0,0,0,0,0,0,0,0,0,0,0,1,0,0,0,0,1,0,0,0,0
290,300,-4.78,15100,8445.0,0,4,2277.9013670000004,0,1875.8802489999998,0,810.0,4,821,308,0.0,0.0,5,0.49136987,66,2436.730435,222.2,1899.344348,637.9,2,0,2,0,0,0,0,0,0,0,0,0,0,0,0,0,0,0,0,0,0,0,0,0,0,0,0,0,1,0,0,0,0,0,1,0,0,0,0,1,0,0,0,0
291,301,48.35,15200,8440.0,0,2,2370.287109,0,1797.1350100000002,0,852.0,2,1311,314,1.2,1.0,5,0.470620779,63,2457.7952370000003,288.6,1992.997284,962.8,1,0,1,0,0,0,0,0,0,0,0,0,0,0,0,0,0,0,0,0,0,0,0,0,0,0,0,0,1,0,0,0,0,0,0,1,0,0,0,1,0,0,0,0
292,302,58.35,15000,8445.0,0,4,2277.9013670000004,0,1875.8802489999998,0,810.0,4,821,308,0.0,0.0,5,0.468503159,159,2241.876345,227.7,1698.0009079999998,563.6,2,0,2,0,0,0,0,0,0,0,0,0,0,0,0,0,0,0,0,0,0,0,0,0,0,0,0,0,1,0,0,0,0,0,0,1,0,0,0,1,0,0,0,0
293,303,40.1,15000,8440.0,0,2,2370.287109,0,1797.1350100000002,0,852.0,2,1311,314,1.2,1.0,5,0.47359954,140,2386.9391379999997,200.7,2288.120062,523.7,1,0,1,0,0,0,0,0,0,0,0,0,0,0,0,0,0,0,0,0,0,0,0,0,0,0,0,0,1,0,0,0,0,0,0,1,0,0,0,1,0,0,0,0
294,304,15.32,15000,8445.0,0,4,2277.9013670000004,0,1875.8802489999998,0,810.0,4,821,308,0.0,0.0,5,0.48408932299999996,267,2540.766233,230.0,1784.0321969999998,669.1,2,0,2,0,0,0,0,0,0,0,0,0,0,0,0,0,0,0,0,0,0,0,0,0,0,0,0,0,1,0,0,0,0,0,0,1,0,0,0,1,0,0,0,0
295,305,6.63,15600,8450.0,0,3,2481.0,0,2708.0,3,651.0,3,1161,352,0.7,1.0,7,0.528331752,62,3037.4134510000004,141.2,2887.576283,652.3,1,1,1,0,0,0,0,0,0,0,0,0,0,0,0,0,0,0,0,0,0,0,0,0,0,0,0,0,0,0,0,1,0,0,1,0,0,0,0,0,1,0,0,0
296,306,55.0,16600,9465.0,1,6,1066.0,2,2027.0,20,800.0,4,1555,631,12.9,22.0,15,0.527794988,189,3085.054913,231.1,2688.717968,386.9,2,3,1,0,0,0,0,0,0,0,0,0,0,0,0,0,0,0,0,0,0,0,0,0,0,1,0,0,0,0,0,0,0,0,0,1,0,0,0,0,1,0,0,0
297,307,50.44,15100,8440.0,0,2,2370.287109,0,1797.1350100000002,0,852.0,2,1311,314,1.2,1.0,5,0.469866159,288,2417.846164,201.5,1946.5115739999999,613.9,1,0,1,0,0,0,0,0,0,0,0,0,0,0,0,0,0,0,0,0,0,0,0,0,0,0,0,0,1,0,0,0,0,0,0,1,0,0,0,1,0,0,0,0
298,308,69.27,16600,9465.0,1,6,1066.0,2,2027.0,20,800.0,4,1555,631,12.9,22.0,15,0.520210586,130,2939.106995,246.0,2116.195991,529.5,2,3,1,0,0,0,0,0,0,0,0,0,0,0,0,0,0,0,0,0,0,0,0,0,0,1,0,0,0,0,0,0,0,0,1,0,0,0,0,0,1,0,0,0
299,309,14.12,16500,9465.0,1,6,1066.0,2,2027.0,20,800.0,4,1555,631,12.9,22.0,15,0.542580394,272,3243.973159,362.3,2269.934221,700.8,2,3,1,0,0,0,0,0,0,0,0,0,0,0,0,0,0,0,0,0,0,0,0,0,0,1,0,0,0,0,0,0,0,0,0,1,0,0,0,0,1,0,0,0
300,310,49.09,10300,10040.0,1,2,1468.0,1,2520.0,24,697.0,1,1433,12,16.7,25.0,3,0.567692327,304,2576.607895,172.0,1669.167595,799.4,2,3,2,0,0,0,1,0,0,0,0,0,0,0,0,0,0,0,0,0,0,0,0,0,0,0,0,0,0,0,0,0,0,0,1,0,0,1,0,0,0,0,0,0
301,311,27.6,10300,10025.0,1,3,1397.0,2,2257.0,20,720.0,1,1913,15,-16.7,-25.0,3,0.577057303,420,3564.462932,2145.8,1711.6480420000003,673.1,2,3,1,0,0,0,1,0,0,0,0,0,0,0,0,0,0,0,0,0,0,0,0,0,0,0,0,0,0,0,0,0,0,0,1,0,0,1,0,0,0,0,0,0
302,312,19.7,10300,10030.0,1,2,1419.0,1,2221.0,20,720.0,1,1433,12,-16.7,-25.0,3,0.580499989,431,2752.4433010000002,194.1,1687.5911429999999,541.1,2,3,2,0,0,0,1,0,0,0,0,0,0,0,0,0,0,0,0,0,0,0,0,0,0,0,0,0,0,0,0,0,0,0,1,0,0,1,0,0,0,0,0,0
303,313,7.44,10000,8160.0,1,2,616.0,1,1870.0,7,569.0,1,1601,44,5.0,5.0,4,0.567118068,126,3344.959992,198.1,2437.362986,440.8,2,0,0,1,0,0,0,0,0,0,0,0,0,0,0,0,0,0,0,0,0,0,0,0,0,0,0,0,0,0,0,0,0,0,1,0,0,1,0,0,0,0,0,0
304,314,58.71,7600,10665.0,1,2,1012.0,1,2390.0,25,866.0,1,2114,1595,-27.3,-41.0,6,0.507677464,49,2601.023124,153.4,2403.9909199999997,784.6,2,3,0,0,0,0,0,0,0,0,0,0,0,0,0,1,0,0,0,0,0,0,0,0,0,0,0,0,0,0,0,0,0,0,1,0,0,1,0,0,0,0,0,0
305,315,39.6,7800,8420.0,1,5,2570.0,1,2339.0,23,304.0,4,1401,635,-1.5,-1.0,13,0.51518029,131,2499.870135,149.5,1779.067449,881.3,2,1,3,0,0,0,0,0,0,0,0,0,0,0,0,1,0,0,0,0,0,0,0,0,0,0,0,0,0,0,0,0,0,0,1,0,0,0,0,0,1,0,0,0
306,316,65.98,7800,8440.0,1,4,1426.0,3,2206.0,27,571.7089232999999,1,417,258,0.0,0.0,1,0.504823171,171,2521.7047789999997,183.5,1900.088888,727.8,2,1,3,0,0,0,0,0,0,0,0,0,0,0,0,1,0,0,0,0,0,0,0,0,0,0,0,0,0,0,0,0,0,0,1,0,0,0,0,0,1,0,0,0
307,317,24.23,15600,8790.0,0,4,930.0,1,2421.0,8,872.0,3,1182,311,1.2,1.0,5,0.497105243,91,2608.988542,267.1,2300.2078109999998,683.9,2,0,1,0,0,0,0,0,0,0,0,0,1,0,0,0,0,0,0,0,0,0,0,0,0,0,0,0,0,0,0,0,0,0,0,1,0,0,0,1,0,0,0,0
308,318,5.61,14400,9320.0,0,5,2119.584961,0,1961.406494,0,736.0,5,1570,568,-4.8,14.0,19,0.566336185,119,3301.25279,388.2,2736.395575,562.0,2,3,0,0,0,0,0,0,0,0,0,0,0,0,0,0,0,1,0,0,0,0,0,0,0,0,0,0,0,0,0,0,0,0,1,0,0,0,0,0,1,0,0,0
309,319,-10.63,15300,9320.0,0,5,2119.584961,0,1961.406494,0,736.0,5,1570,568,-4.8,14.0,19,0.575894236,423,3170.934229,260.6,2693.813374,573.7,2,3,0,0,0,0,0,0,0,0,0,0,0,0,0,0,0,1,0,0,0,0,0,0,0,0,0,0,0,0,0,0,0,0,1,0,0,0,0,0,1,0,0,0
310,320,38.08,15600,9485.0,1,6,1339.984375,2,1915.0,5,831.0,4,1762,286,-19.7,-30.0,13,0.49191908700000003,174,2556.699361,195.6,2494.365764,642.8,2,3,2,0,0,0,0,0,0,0,0,0,1,0,0,0,0,0,0,0,0,0,0,0,0,0,0,0,0,0,0,0,0,0,0,1,0,0,0,1,0,0,0,0
311,321,,10100,8160.0,1,2,616.0,1,1870.0,7,569.0,1,1601,44,5.0,5.0,4,0.574595356,328,3560.6942590000003,289.6,2930.985972,523.6,2,0,0,1,0,0,0,0,0,0,0,0,0,0,0,0,0,0,0,0,0,0,0,0,0,0,0,0,0,0,0,0,0,0,1,0,0,1,0,0,0,0,0,0
312,322,24.65,15600,8870.0,0,3,2780.0,0,2629.0,3,858.0,3,1024,318,-1.2,-1.0,5,0.496947973,234,2626.137461,881.4,2492.693397,532.6,1,0,2,0,0,0,0,0,0,0,0,0,1,0,0,0,0,0,0,0,0,0,0,0,0,0,0,0,0,0,0,0,0,0,0,1,0,0,0,1,0,0,0,0
313,323,13.46,10300,8160.0,1,2,616.0,1,1870.0,7,569.0,1,1601,44,5.0,5.0,4,0.5514990670000001,142,2459.688457,208.3,2144.941593,623.3,2,0,0,0,0,0,0,0,0,0,0,0,0,0,0,0,0,0,0,0,0,0,0,0,0,0,0,0,0,0,0,0,0,1,0,1,0,1,0,0,0,0,0,0
314,324,3.55,15300,9115.0,1,5,1454.0,4,1933.0,22,1040.0,1,1377,776,0.3,0.5,4,0.558487803,75,3424.9683880000002,148.3,3046.566356,527.5,2,3,1,0,0,0,0,0,0,0,0,0,0,0,0,0,0,0,0,1,0,0,0,0,0,0,0,0,0,0,0,0,0,0,1,0,0,0,0,0,1,0,0,0
315,325,2.86,10300,7820.0,1,4,878.0,2,2146.0,20,1015.5601199999999,2,721,704,-0.5,-0.5,2,0.523480475,64,3033.434898,246.4,2767.6461719999998,566.1,2,0,3,0,0,0,0,0,0,0,0,0,0,0,0,0,0,0,1,0,0,0,0,0,0,0,0,0,0,0,0,0,0,0,1,0,0,0,0,0,1,0,0,0
316,326,-12.69,12700,9250.0,1,8,915.0,3,1910.0,9,283.0,5,565,230,0.0,0.0,5,0.5642699999999999,176,2930.4,142.7,2797.3,746.3,2,2,1,0,0,0,0,0,0,0,0,0,0,0,0,0,1,0,0,0,0,0,0,0,0,0,0,0,0,0,0,0,0,0,1,0,0,0,0,0,0,0,1,0
317,327,-6.8,10300,9250.0,1,8,915.0,3,1910.0,9,283.0,5,565,230,0.0,0.0,5,0.568211579,51,2853.885895,413.0,2973.888742,749.2,2,2,1,0,0,0,0,0,0,0,0,0,0,0,0,0,1,0,0,0,0,0,0,0,0,0,0,0,0,0,0,0,0,0,1,0,0,0,0,0,0,0,1,0
318,328,17.82,12900,9250.0,1,8,915.0,3,1910.0,9,283.0,5,565,230,0.0,0.0,5,0.551652783,266,2840.058261,163.8,2764.23913,985.4,2,2,1,0,0,0,0,0,0,0,0,0,0,0,0,0,1,0,0,0,0,0,0,0,0,0,0,0,0,0,0,0,0,0,1,0,0,0,0,0,0,0,1,0
319,329,6.86,15400,9115.0,1,5,1454.0,4,1933.0,22,1040.0,1,1377,776,0.3,0.5,4,0.557116681,223,3414.087611,220.5,3055.667257,387.7,2,3,1,0,0,0,0,0,0,0,0,0,0,0,0,0,0,0,0,1,0,0,0,0,0,0,0,0,0,0,0,0,0,0,1,0,0,0,0,0,1,0,0,0
320,330,2.5,10100,9250.0,1,8,915.0,3,1910.0,9,283.0,5,565,230,0.0,0.0,5,0.564321968,158,3140.505725,242.6,2877.810012,816.5,2,2,1,0,0,0,0,0,0,0,0,0,0,0,0,0,1,0,0,0,0,0,0,0,0,0,0,0,0,0,0,0,0,0,1,0,0,0,0,0,0,0,1,0
321,331,2.13,10200,9250.0,1,8,915.0,3,1910.0,9,283.0,5,565,230,0.0,0.0,5,0.558141283,339,2873.946195,193.7,2550.788826,861.8,2,2,1,0,0,0,0,0,0,0,0,0,0,0,0,0,1,0,0,0,0,0,0,0,0,0,0,0,0,0,0,0,0,0,1,0,0,0,0,0,0,0,1,0
322,332,30.86,10300,9895.0,1,3,285.0,2,2335.0,29,871.0,1,876,9,0.0,0.0,1,0.51261445,296,2937.778684,223.9,2642.348057,748.3,2,3,0,0,0,0,0,0,0,0,0,0,0,0,0,0,0,0,1,0,0,0,0,0,0,0,0,0,0,0,0,0,0,0,0,0,1,1,0,0,0,0,0,0
323,333,-0.78,10300,9250.0,1,8,915.0,3,1910.0,9,283.0,5,565,230,0.0,0.0,5,0.5656937879999999,227,2959.448773,145.2,2590.599346,843.5,2,2,1,0,0,0,0,0,0,0,0,0,0,0,0,0,1,0,0,0,0,0,0,0,0,0,0,0,0,0,0,0,0,0,1,0,0,0,0,0,0,0,1,0
324,334,24.22,10300,8160.0,1,2,616.0,1,1870.0,7,569.0,1,1601,44,5.0,5.0,4,0.552479532,42,2838.529611,748.5,2302.328134,698.0,2,0,0,0,0,0,0,0,0,0,0,0,0,0,0,0,0,0,0,0,0,0,0,0,0,0,0,0,0,0,0,0,0,1,0,1,0,1,0,0,0,0,0,0
325,335,5.66,15300,8160.0,1,2,616.0,1,1870.0,7,569.0,1,1601,44,5.0,5.0,4,0.557613765,368,3553.95075,205.8,3150.969604,389.4,2,0,0,0,0,0,0,0,0,0,0,0,0,0,0,0,0,0,0,1,0,0,0,0,0,0,0,0,0,0,0,0,0,0,1,0,0,1,0,0,0,0,0,0
326,336,2.51,10300,9085.0,0,7,2075.80127,0,1972.492798,0,624.0,7,1593,610,-0.3,-2.0,21,0.526523549,40,3141.537437,235.4,2888.534937,389.9,1,3,2,0,0,0,0,0,0,0,0,0,0,0,0,0,0,0,0,0,0,0,0,0,0,0,0,0,0,0,0,1,0,0,1,0,0,0,0,0,1,0,0,0
327,337,20.0,10300,8160.0,1,2,616.0,1,1870.0,7,569.0,1,1601,44,5.0,5.0,4,0.554235728,119,2970.618007,256.7,2431.078199,733.4,2,0,0,0,0,0,0,0,0,0,0,0,0,0,0,0,0,0,0,0,0,0,0,0,0,0,0,0,0,0,0,0,0,1,0,1,0,1,0,0,0,0,0,0
328,338,5.16,10300,9085.0,0,7,2075.80127,0,1972.492798,0,624.0,7,1593,610,-0.3,-2.0,21,0.525489448,111,3258.339746,303.3,2699.552713,269.6,1,3,2,0,0,0,0,0,0,0,0,0,0,0,0,0,0,0,0,0,0,0,0,0,0,0,0,0,0,0,0,1,0,0,1,0,0,0,0,0,1,0,0,0
329,339,37.6,10300,9085.0,0,7,2075.80127,0,1972.492798,0,624.0,7,1593,610,-0.3,-2.0,21,0.512830484,155,3247.780777,333.0,2846.921185,229.7,1,3,2,0,0,0,0,0,0,0,0,0,0,0,0,0,0,0,0,0,0,0,0,0,0,0,0,0,0,0,0,1,0,0,1,0,0,0,0,0,1,0,0,0
330,340,24.61,10300,10245.0,1,0,1225.0,0,2533.0,34,1361.0,0,1401,14,0.0,0.0,1,0.545678801,43,2527.2461719999997,644.1,2177.977414,778.2,2,3,0,0,0,0,0,0,0,0,1,0,0,0,0,0,0,0,0,0,0,0,0,0,0,0,0,0,0,0,0,0,0,0,0,1,0,1,0,0,0,0,0,0
331,341,13.59,10300,10245.0,1,0,1225.0,0,2533.0,34,1361.0,0,1401,14,0.0,0.0,1,0.550209764,124,2557.76257,150.0,2405.186841,770.4,2,3,0,0,0,0,0,0,0,0,1,0,0,0,0,0,0,0,0,0,0,0,0,0,0,0,0,0,0,0,0,0,0,0,0,1,0,1,0,0,0,0,0,0
332,342,10.3,15700,9480.0,1,5,921.0,2,2144.0,40,880.0,3,1072,340,1.2,1.0,5,0.5206964479999999,49,2503.979561,175.2,2432.650212,399.6,2,2,3,0,0,0,0,0,0,0,0,0,0,0,0,1,0,0,0,0,0,0,0,0,0,0,0,0,0,0,0,0,0,0,0,0,1,0,0,0,1,0,0,0
333,343,75.63,15700,9480.0,1,5,921.0,2,2144.0,40,880.0,3,1072,340,1.2,1.0,5,0.495240451,59,2302.201062,174.7,2088.177345,374.5,2,2,3,0,0,0,0,0,0,0,0,0,0,0,0,1,0,0,0,0,0,0,0,0,0,0,0,0,0,0,0,0,0,0,0,0,1,0,0,0,1,0,0,0
334,344,62.6,15800,9480.0,1,5,921.0,2,2144.0,40,880.0,3,1072,340,1.2,1.0,5,0.50039624,150,2549.8670030000003,173.1,2577.422493,422.2,2,2,3,0,0,0,0,0,0,0,0,0,0,0,0,1,0,0,0,0,0,0,0,0,0,0,0,0,0,0,0,0,0,0,0,0,1,0,0,0,1,0,0,0
335,345,,10200,8160.0,1,2,616.0,1,1870.0,7,569.0,1,1601,44,5.0,5.0,4,0.617175215,376,3216.094727,232.1712341,2598.995714,820.5,2,0,0,1,0,0,0,0,0,0,0,0,0,0,0,0,0,0,0,0,0,0,0,0,0,0,0,0,0,0,0,0,0,0,1,0,0,1,0,0,0,0,0,0
336,346,5.99,18200,8335.0,0,2,2746.0,0,2678.0,4,562.0,2,1556,21,7.1,16.0,7,0.541321313,815,3266.242716,164.7,2844.170027,789.4,2,0,1,0,0,0,0,0,0,0,0,0,0,1,0,0,0,0,0,0,0,0,0,0,0,0,0,0,0,0,0,0,0,0,0,1,0,0,0,1,0,0,0,0
337,347,5.31,10300,8160.0,1,2,616.0,1,1870.0,7,569.0,1,1601,44,5.0,5.0,4,0.611224011,427,2754.731089,367.6,2863.03309,1295.5,2,0,0,1,0,0,0,0,0,0,0,0,0,0,0,0,0,0,0,0,0,0,0,0,0,0,0,0,0,0,0,0,0,0,1,0,0,1,0,0,0,0,0,0
338,348,5.38,18200,8335.0,0,2,2746.0,0,2678.0,4,562.0,2,1556,21,7.1,16.0,7,0.541566674,988,3375.251928,857.2,2958.170289,716.9,2,0,1,0,0,0,0,0,0,0,0,0,0,1,0,0,0,0,0,0,0,0,0,0,0,0,0,0,0,0,0,0,0,0,0,1,0,0,0,1,0,0,0,0
339,349,4.09,10300,8350.0,0,3,1348.0,0,2168.0,9,650.0,3,695,313,0.7,1.0,3,0.56853128,108,2928.200185,238.2,2381.445271,525.2,2,1,0,0,0,0,0,0,0,0,0,0,0,0,1,0,0,0,0,0,0,0,0,0,0,0,0,0,0,0,0,0,0,0,0,1,0,0,0,0,1,0,0,0
340,350,37.96,10300,8350.0,0,3,1348.0,0,2168.0,9,650.0,3,695,313,0.7,1.0,3,0.554243067,114,2747.262178,217.9,2309.826087,653.4,2,1,0,0,0,0,0,0,0,0,0,0,0,0,1,0,0,0,0,0,0,0,0,0,0,0,0,0,0,0,0,0,0,0,0,1,0,0,0,0,1,0,0,0
341,353,68.21,7700,10365.0,1,4,1508.0,3,2213.0,35,1000.0,1,1000,10,0.0,0.0,1,0.512639804,245,3056.211966,212.0,2032.9223550000002,533.8,2,3,0,0,0,0,0,0,0,0,0,0,0,0,0,0,0,0,0,0,0,0,0,0,0,1,0,0,0,0,0,0,0,0,0,1,0,1,0,0,0,0,0,0
342,354,29.18,7700,10300.0,1,3,1266.686035,3,1923.0,24,1301.0,0,1302,12,0.0,0.0,1,0.530874004,315,2969.985594,230.1,1821.5497420000002,314.5,2,3,0,0,0,0,0,0,0,0,0,0,0,0,0,0,0,0,0,0,0,0,0,0,0,1,0,0,0,0,0,0,0,0,0,1,0,1,0,0,0,0,0,0
343,356,30.42,7700,10355.0,1,3,2854.0,3,2151.0,47,1492.0,0,1492,11,0.0,0.0,1,0.530376286,355,2966.579531,158.1,1818.19282,360.6,2,3,1,0,0,0,0,0,0,0,0,0,0,0,0,0,0,0,0,0,0,0,0,0,0,1,0,0,0,0,0,0,0,0,0,1,0,1,0,0,0,0,0,0
